2026-06-29 20:12:08.109 | INFO     | main:handle_analysis_submission:228 - ลงทะเบียนคำขอผ่าน Route ผสานสัญญาณจริง รหัสงาน: job_1782738728
2026-06-29 20:12:08.112 | INFO     | main:enterprise_processing_pipeline:55 - เริ่มต้นประมวลผลข้อมูลจริงเชิงลึกสำหรับ Job ID: job_1782738728
2026-06-29 20:12:08.114 | INFO     | main:enterprise_processing_pipeline:87 - ดึงสัญญาณวิดีโอจาก YouTube ID: youtube_X4uvCAubFGc
2026-06-29 20:14:43.235 | INFO     | main:enterprise_processing_pipeline:104 - กำลังสกัดไฟล์เสียงแท้และสกัดสัญญาณ Noise ออกจากระบบ: E:/Project_write/WeFool/cache\youtube_X4uvCAubFGc.mp3
2026-06-29 20:16:00.330 | INFO     | main:enterprise_processing_pipeline:112 - กำลังเปิดระบบสแกนสัญญาณเสียงและสั่งหั่นก้อนข้อมูลส่งวิเคราะห์...
2026-06-29 20:19:44.126 | INFO     | main:enterprise_processing_pipeline:129 - ส่งข้อมูลคำพูดจริงเข้าสู่กระบวนการวิเคราะห์ 8 โมดูลหลักยุทธศาสตร์...
2026-06-29 20:20:28.631 | INFO     | main:enterprise_processing_pipeline:185 - 💾 บันทึกผลการวิเคราะห์ของ ID: youtube_X4uvCAubFGc ลงโฟลเดอร์ประวัติเรียบร้อย
2026-06-29 20:20:28.632 | INFO     | main:enterprise_processing_pipeline:190 - ✅ สำเร็จเสร็จสิ้น! ข้อมูลจากขบวนการลูกผสมถูกนำส่งเข้าระบบสำเร็จ
2026-06-29 20:32:41.599 | INFO     | main:handle_analysis_submission:232 - ลงทะเบียนคำขอผ่าน Route ผสานสัญญาณจริง รหัสงาน: job_1782739961
2026-06-29 20:32:41.602 | INFO     | main:enterprise_processing_pipeline:55 - เริ่มต้นประมวลผลข้อมูลจริงเชิงลึกสำหรับ Job ID: job_1782739961
2026-06-29 20:32:41.606 | INFO     | main:enterprise_processing_pipeline:87 - ดึงสัญญาณวิดีโอจาก YouTube ID: youtube_0oIEDw5OPgY
2026-06-29 20:36:32.229 | INFO     | main:enterprise_processing_pipeline:104 - กำลังสกัดไฟล์เสียงแท้คุณภาพสูงแบบรักษาเนื้อเสียงครบถ้วน: E:/Project_write/WeFool/cache\youtube_0oIEDw5OPgY.mp3
2026-06-29 20:37:49.232 | INFO     | main:enterprise_processing_pipeline:112 - กำลังเปิดระบบสแกนสัญญาณเสียงและสั่งหั่นก้อนข้อมูลส่งวิเคราะห์...
2026-06-29 20:40:26.960 | INFO     | main:enterprise_processing_pipeline:129 - ส่งข้อมูลคำพูดจริงเข้าสู่กระบวนการวิเคราะห์ 8 โมดูลหลักยุทธศาสตร์...
2026-06-29 20:41:10.442 | INFO     | main:enterprise_processing_pipeline:189 - 💾 บันทึกผลการวิเคราะห์ของ ID: youtube_0oIEDw5OPgY ลงโฟลเดอร์ประวัติเรียบร้อย
2026-06-29 20:41:10.443 | INFO     | main:enterprise_processing_pipeline:194 - ✅ สำเร็จเสร็จสิ้น! ข้อมูลจากขบวนการลูกผสมถูกนำส่งเข้าระบบสำเร็จ
2026-06-29 20:49:36.433 | INFO     | main:handle_analysis_submission:232 - ลงทะเบียนคำขอผ่าน Route ผสานสัญญาณจริง รหัสงาน: job_1782740976
2026-06-29 20:49:36.435 | INFO     | main:enterprise_processing_pipeline:55 - เริ่มต้นประมวลผลข้อมูลจริงเชิงลึกสำหรับ Job ID: job_1782740976
2026-06-29 20:49:36.440 | INFO     | main:enterprise_processing_pipeline:87 - ดึงสัญญาณวิดีโอจาก YouTube ID: youtube_0H94lRrdbR4
2026-06-29 20:52:50.584 | INFO     | main:enterprise_processing_pipeline:104 - กำลังสกัดไฟล์เสียงแท้คุณภาพสูงแบบรักษาเนื้อเสียงครบถ้วน: E:/Project_write/WeFool/cache\youtube_0H94lRrdbR4.mp3
2026-06-29 20:54:24.846 | INFO     | main:enterprise_processing_pipeline:112 - กำลังเปิดระบบสแกนสัญญาณเสียงและสั่งหั่นก้อนข้อมูลส่งวิเคราะห์...
2026-06-29 21:13:34.442 | INFO     | main:enterprise_processing_pipeline:129 - ส่งข้อมูลคำพูดจริงเข้าสู่กระบวนการวิเคราะห์ 8 โมดูลหลักยุทธศาสตร์...
2026-06-29 21:14:09.692 | INFO     | main:enterprise_processing_pipeline:189 - 💾 บันทึกผลการวิเคราะห์ของ ID: youtube_0H94lRrdbR4 ลงโฟลเดอร์ประวัติเรียบร้อย
2026-06-29 21:14:09.693 | INFO     | main:enterprise_processing_pipeline:194 - ✅ สำเร็จเสร็จสิ้น! ข้อมูลจากขบวนการลูกผสมถูกนำส่งเข้าระบบสำเร็จ
2026-06-29 21:36:23.349 | INFO     | main:handle_analysis_submission:232 - ลงทะเบียนคำขอผ่าน Route ผสานสัญญาณจริง รหัสงาน: job_1782743783
2026-06-29 21:36:23.351 | INFO     | main:enterprise_processing_pipeline:55 - เริ่มต้นประมวลผลข้อมูลจริงเชิงลึกสำหรับ Job ID: job_1782743783
2026-06-29 21:36:23.352 | INFO     | main:enterprise_processing_pipeline:87 - ดึงสัญญาณวิดีโอจาก YouTube ID: youtube_Yf4M3WZilRI
2026-06-29 21:37:13.580 | INFO     | main:enterprise_processing_pipeline:104 - กำลังสกัดไฟล์เสียงแท้คุณภาพสูงแบบรักษาเนื้อเสียงครบถ้วน: E:/Project_write/WeFool/cache\youtube_Yf4M3WZilRI.mp3
2026-06-29 21:38:28.930 | INFO     | main:enterprise_processing_pipeline:112 - กำลังเปิดระบบสแกนสัญญาณเสียงและสั่งหั่นก้อนข้อมูลส่งวิเคราะห์...
2026-06-29 21:55:14.390 | INFO     | main:enterprise_processing_pipeline:129 - ส่งข้อมูลคำพูดจริงเข้าสู่กระบวนการวิเคราะห์ 8 โมดูลหลักยุทธศาสตร์...
2026-06-29 21:55:49.087 | INFO     | main:enterprise_processing_pipeline:189 - 💾 บันทึกผลการวิเคราะห์ของ ID: youtube_Yf4M3WZilRI ลงโฟลเดอร์ประวัติเรียบร้อย
2026-06-29 21:55:49.087 | INFO     | main:enterprise_processing_pipeline:194 - ✅ สำเร็จเสร็จสิ้น! ข้อมูลจากขบวนการลูกผสมถูกนำส่งเข้าระบบสำเร็จ
2026-06-29 22:54:17.973 | INFO     | main:handle_analysis_submission:232 - ลงทะเบียนคำขอผ่าน Route ผสานสัญญาณจริง รหัสงาน: job_1782748457
2026-06-29 22:54:17.974 | INFO     | main:enterprise_processing_pipeline:55 - เริ่มต้นประมวลผลข้อมูลจริงเชิงลึกสำหรับ Job ID: job_1782748457
2026-06-29 22:54:17.975 | INFO     | main:enterprise_processing_pipeline:87 - ดึงสัญญาณวิดีโอจาก YouTube ID: youtube_ffnoj7H5Vls
2026-06-29 22:56:19.863 | INFO     | main:enterprise_processing_pipeline:104 - กำลังสกัดไฟล์เสียงแท้คุณภาพสูงแบบรักษาเนื้อเสียงครบถ้วน: E:/Project_write/WeFool/cache\youtube_ffnoj7H5Vls.mp3
2026-06-29 22:56:30.944 | INFO     | main:enterprise_processing_pipeline:112 - กำลังเปิดระบบสแกนสัญญาณเสียงและสั่งหั่นก้อนข้อมูลส่งวิเคราะห์...
2026-06-29 23:00:09.592 | INFO     | main:enterprise_processing_pipeline:129 - ส่งข้อมูลคำพูดจริงเข้าสู่กระบวนการวิเคราะห์ 8 โมดูลหลักยุทธศาสตร์...
2026-06-29 23:00:42.424 | INFO     | main:enterprise_processing_pipeline:189 - 💾 บันทึกผลการวิเคราะห์ของ ID: youtube_ffnoj7H5Vls ลงโฟลเดอร์ประวัติเรียบร้อย
2026-06-29 23:00:42.424 | INFO     | main:enterprise_processing_pipeline:194 - ✅ สำเร็จเสร็จสิ้น! ข้อมูลจากขบวนการลูกผสมถูกนำส่งเข้าระบบสำเร็จ
2026-06-29 23:56:47.662 | INFO     | main:handle_analysis_submission:232 - ลงทะเบียนคำขอผ่าน Route ผสานสัญญาณจริง รหัสงาน: job_1782752207
2026-06-29 23:56:47.664 | INFO     | main:enterprise_processing_pipeline:55 - เริ่มต้นประมวลผลข้อมูลจริงเชิงลึกสำหรับ Job ID: job_1782752207
2026-06-29 23:56:47.665 | INFO     | main:enterprise_processing_pipeline:87 - ดึงสัญญาณวิดีโอจาก YouTube ID: youtube_jdnMAklenng
2026-06-29 23:58:38.747 | INFO     | main:enterprise_processing_pipeline:104 - กำลังสกัดไฟล์เสียงแท้คุณภาพสูงแบบรักษาเนื้อเสียงครบถ้วน: E:/Project_write/WeFool/cache\youtube_jdnMAklenng.mp3
2026-06-29 23:59:11.405 | INFO     | main:enterprise_processing_pipeline:112 - กำลังเปิดระบบสแกนสัญญาณเสียงและสั่งหั่นก้อนข้อมูลส่งวิเคราะห์...
2026-06-30 00:05:38.183 | INFO     | main:enterprise_processing_pipeline:129 - ส่งข้อมูลคำพูดจริงเข้าสู่กระบวนการวิเคราะห์ 8 โมดูลหลักยุทธศาสตร์...
2026-06-30 00:06:12.502 | INFO     | main:enterprise_processing_pipeline:189 - 💾 บันทึกผลการวิเคราะห์ของ ID: youtube_jdnMAklenng ลงโฟลเดอร์ประวัติเรียบร้อย
2026-06-30 00:06:12.503 | INFO     | main:enterprise_processing_pipeline:194 - ✅ สำเร็จเสร็จสิ้น! ข้อมูลจากขบวนการลูกผสมถูกนำส่งเข้าระบบสำเร็จ
2026-06-30 00:24:48.669 | INFO     | main:handle_analysis_submission:232 - ลงทะเบียนคำขอผ่าน Route ผสานสัญญาณจริง รหัสงาน: job_1782753888
2026-06-30 00:24:48.670 | INFO     | main:enterprise_processing_pipeline:55 - เริ่มต้นประมวลผลข้อมูลจริงเชิงลึกสำหรับ Job ID: job_1782753888
2026-06-30 00:24:48.671 | INFO     | main:enterprise_processing_pipeline:87 - ดึงสัญญาณวิดีโอจาก YouTube ID: youtube_lOSviyXTas0
2026-06-30 00:25:26.108 | INFO     | main:enterprise_processing_pipeline:104 - กำลังสกัดไฟล์เสียงแท้คุณภาพสูงแบบรักษาเนื้อเสียงครบถ้วน: E:/Project_write/WeFool/cache\youtube_lOSviyXTas0.mp3
2026-06-30 00:25:35.065 | INFO     | main:enterprise_processing_pipeline:112 - กำลังเปิดระบบสแกนสัญญาณเสียงและสั่งหั่นก้อนข้อมูลส่งวิเคราะห์...
2026-06-30 00:27:17.547 | INFO     | main:enterprise_processing_pipeline:129 - ส่งข้อมูลคำพูดจริงเข้าสู่กระบวนการวิเคราะห์ 8 โมดูลหลักยุทธศาสตร์...
2026-06-30 00:28:11.703 | ERROR    | main:enterprise_processing_pipeline:197 - ❌ เกิดข้อผิดพลาดในระบบวิเคราะห์ข้อมูลจริง job_1782753888: 'NoneType' object has no attribute 'get'
2026-06-30 00:33:35.448 | INFO     | main:handle_analysis_submission:243 - ลงทะเบียนคำขอผ่าน Route ผสานสัญญาณจริง รหัสงาน: job_1782754415
2026-06-30 00:33:35.450 | INFO     | main:enterprise_processing_pipeline:55 - เริ่มต้นประมวลผลข้อมูลจริงเชิงลึกสำหรับ Job ID: job_1782754415
2026-06-30 00:33:35.452 | INFO     | main:enterprise_processing_pipeline:87 - ดึงสัญญาณวิดีโอจาก YouTube ID: youtube_jEeK0hsGxR0
2026-06-30 00:34:25.180 | INFO     | main:enterprise_processing_pipeline:104 - กำลังสกัดไฟล์เสียงแท้คุณภาพสูงแบบรักษาเนื้อเสียงครบถ้วน: E:/Project_write/WeFool/cache\youtube_jEeK0hsGxR0.mp3
2026-06-30 00:34:35.629 | INFO     | main:enterprise_processing_pipeline:112 - กำลังเปิดระบบสแกนสัญญาณเสียงและสั่งหั่นก้อนข้อมูลส่งวิเคราะห์...
2026-06-30 00:36:40.259 | INFO     | main:enterprise_processing_pipeline:129 - ส่งข้อมูลคำพูดจริงเข้าสู่กระบวนการวิเคราะห์ 8 โมดูลหลักยุทธศาสตร์...
2026-06-30 00:37:12.197 | INFO     | main:enterprise_processing_pipeline:200 - 💾 บันทึกผลการวิเคราะห์ของ ID: youtube_jEeK0hsGxR0 ลงโฟลเดอร์ประวัติเรียบร้อย
2026-06-30 00:37:12.197 | INFO     | main:enterprise_processing_pipeline:205 - ✅ สำเร็จเสร็จสิ้น! ข้อมูลจากขบวนการลูกผสมถูกนำส่งเข้าระบบสำเร็จ
2026-06-30 00:42:46.658 | INFO     | main:handle_analysis_submission:243 - ลงทะเบียนคำขอผ่าน Route ผสานสัญญาณจริง รหัสงาน: job_1782754966
2026-06-30 00:42:46.660 | INFO     | main:enterprise_processing_pipeline:55 - เริ่มต้นประมวลผลข้อมูลจริงเชิงลึกสำหรับ Job ID: job_1782754966
2026-06-30 00:42:46.661 | INFO     | main:enterprise_processing_pipeline:87 - ดึงสัญญาณวิดีโอจาก YouTube ID: youtube_1G5dEP_wNH4
2026-06-30 00:43:44.842 | INFO     | main:enterprise_processing_pipeline:104 - กำลังสกัดไฟล์เสียงแท้คุณภาพสูงแบบรักษาเนื้อเสียงครบถ้วน: E:/Project_write/WeFool/cache\youtube_1G5dEP_wNH4.mp3
2026-06-30 00:43:59.580 | INFO     | main:enterprise_processing_pipeline:112 - กำลังเปิดระบบสแกนสัญญาณเสียงและสั่งหั่นก้อนข้อมูลส่งวิเคราะห์...
2026-06-30 00:46:38.151 | INFO     | main:enterprise_processing_pipeline:129 - ส่งข้อมูลคำพูดจริงเข้าสู่กระบวนการวิเคราะห์ 8 โมดูลหลักยุทธศาสตร์...
2026-06-30 00:47:11.812 | INFO     | main:enterprise_processing_pipeline:200 - 💾 บันทึกผลการวิเคราะห์ของ ID: youtube_1G5dEP_wNH4 ลงโฟลเดอร์ประวัติเรียบร้อย
2026-06-30 00:47:11.812 | INFO     | main:enterprise_processing_pipeline:205 - ✅ สำเร็จเสร็จสิ้น! ข้อมูลจากขบวนการลูกผสมถูกนำส่งเข้าระบบสำเร็จ
2026-06-30 00:56:44.566 | INFO     | main:handle_analysis_submission:243 - ลงทะเบียนคำขอผ่าน Route ผสานสัญญาณจริง รหัสงาน: job_1782755804
2026-06-30 00:56:44.567 | INFO     | main:enterprise_processing_pipeline:55 - เริ่มต้นประมวลผลข้อมูลจริงเชิงลึกสำหรับ Job ID: job_1782755804
2026-06-30 00:56:44.568 | INFO     | main:enterprise_processing_pipeline:87 - ดึงสัญญาณวิดีโอจาก YouTube ID: youtube_xWdmqabXric
2026-06-30 00:58:00.033 | INFO     | main:enterprise_processing_pipeline:104 - กำลังสกัดไฟล์เสียงแท้คุณภาพสูงแบบรักษาเนื้อเสียงครบถ้วน: E:/Project_write/WeFool/cache\youtube_xWdmqabXric.mp3
2026-06-30 00:58:23.959 | INFO     | main:enterprise_processing_pipeline:112 - กำลังเปิดระบบสแกนสัญญาณเสียงและสั่งหั่นก้อนข้อมูลส่งวิเคราะห์...
2026-06-30 01:02:31.287 | INFO     | main:enterprise_processing_pipeline:129 - ส่งข้อมูลคำพูดจริงเข้าสู่กระบวนการวิเคราะห์ 8 โมดูลหลักยุทธศาสตร์...
2026-06-30 01:03:04.129 | INFO     | main:enterprise_processing_pipeline:200 - 💾 บันทึกผลการวิเคราะห์ของ ID: youtube_xWdmqabXric ลงโฟลเดอร์ประวัติเรียบร้อย
2026-06-30 01:03:04.130 | INFO     | main:enterprise_processing_pipeline:205 - ✅ สำเร็จเสร็จสิ้น! ข้อมูลจากขบวนการลูกผสมถูกนำส่งเข้าระบบสำเร็จ
2026-06-30 08:20:41.333 | INFO     | main:handle_analysis_submission:243 - ลงทะเบียนคำขอผ่าน Route ผสานสัญญาณจริง รหัสงาน: job_1782782441
2026-06-30 08:20:42.407 | INFO     | main:enterprise_processing_pipeline:55 - เริ่มต้นประมวลผลข้อมูลจริงเชิงลึกสำหรับ Job ID: job_1782782441
2026-06-30 08:20:42.407 | INFO     | main:enterprise_processing_pipeline:95 - บันทึกไฟล์วิดีโอจากระบบภายในเครื่อง: E:/Project_write/WeFool/cache\local_1782782442_WORKSHOP7mp4.mp4
2026-06-30 08:20:43.283 | INFO     | main:enterprise_processing_pipeline:104 - กำลังสกัดไฟล์เสียงแท้คุณภาพสูงแบบรักษาเนื้อเสียงครบถ้วน: E:/Project_write/WeFool/cache\local_1782782442_WORKSHOP7mp4.mp3
2026-06-30 08:20:51.773 | INFO     | main:enterprise_processing_pipeline:112 - กำลังเปิดระบบสแกนสัญญาณเสียงและสั่งหั่นก้อนข้อมูลส่งวิเคราะห์...
2026-06-30 08:23:19.554 | INFO     | main:enterprise_processing_pipeline:129 - ส่งข้อมูลคำพูดจริงเข้าสู่กระบวนการวิเคราะห์ 8 โมดูลหลักยุทธศาสตร์...
2026-06-30 08:23:50.292 | INFO     | main:enterprise_processing_pipeline:205 - ✅ สำเร็จเสร็จสิ้น! ข้อมูลจากขบวนการลูกผสมถูกนำส่งเข้าระบบสำเร็จ
2026-06-30 08:35:31.119 | INFO     | main:handle_analysis_submission:243 - ลงทะเบียนคำขอผ่าน Route ผสานสัญญาณจริง รหัสงาน: job_1782783331
2026-06-30 08:35:31.121 | INFO     | main:enterprise_processing_pipeline:55 - เริ่มต้นประมวลผลข้อมูลจริงเชิงลึกสำหรับ Job ID: job_1782783331
2026-06-30 08:35:31.123 | INFO     | main:enterprise_processing_pipeline:87 - ดึงสัญญาณวิดีโอจาก YouTube ID: tiktok_7656802977444793621
2026-06-30 08:35:41.739 | INFO     | main:enterprise_processing_pipeline:104 - กำลังสกัดไฟล์เสียงแท้คุณภาพสูงแบบรักษาเนื้อเสียงครบถ้วน: E:/Project_write/WeFool/cache\tiktok_7656802977444793621.mp3
2026-06-30 08:35:44.293 | INFO     | main:enterprise_processing_pipeline:112 - กำลังเปิดระบบสแกนสัญญาณเสียงและสั่งหั่นก้อนข้อมูลส่งวิเคราะห์...
2026-06-30 08:36:11.985 | INFO     | main:enterprise_processing_pipeline:129 - ส่งข้อมูลคำพูดจริงเข้าสู่กระบวนการวิเคราะห์ 8 โมดูลหลักยุทธศาสตร์...
2026-06-30 08:36:42.645 | INFO     | main:enterprise_processing_pipeline:200 - 💾 บันทึกผลการวิเคราะห์ของ ID: tiktok_7656802977444793621 ลงโฟลเดอร์ประวัติเรียบร้อย
2026-06-30 08:36:42.646 | INFO     | main:enterprise_processing_pipeline:205 - ✅ สำเร็จเสร็จสิ้น! ข้อมูลจากขบวนการลูกผสมถูกนำส่งเข้าระบบสำเร็จ
2026-06-30 08:39:23.058 | INFO     | main:handle_analysis_submission:243 - ลงทะเบียนคำขอผ่าน Route ผสานสัญญาณจริง รหัสงาน: job_1782783563
2026-06-30 08:39:23.061 | INFO     | main:enterprise_processing_pipeline:55 - เริ่มต้นประมวลผลข้อมูลจริงเชิงลึกสำหรับ Job ID: job_1782783563
2026-06-30 08:39:23.062 | INFO     | main:enterprise_processing_pipeline:87 - ดึงสัญญาณวิดีโอจาก YouTube ID: tiktok_7656774232147266837
2026-06-30 08:39:33.520 | INFO     | main:enterprise_processing_pipeline:104 - กำลังสกัดไฟล์เสียงแท้คุณภาพสูงแบบรักษาเนื้อเสียงครบถ้วน: E:/Project_write/WeFool/cache\tiktok_7656774232147266837.mp3
2026-06-30 08:39:34.899 | INFO     | main:enterprise_processing_pipeline:112 - กำลังเปิดระบบสแกนสัญญาณเสียงและสั่งหั่นก้อนข้อมูลส่งวิเคราะห์...
2026-06-30 08:39:47.858 | INFO     | main:enterprise_processing_pipeline:129 - ส่งข้อมูลคำพูดจริงเข้าสู่กระบวนการวิเคราะห์ 8 โมดูลหลักยุทธศาสตร์...
2026-06-30 08:40:18.161 | INFO     | main:enterprise_processing_pipeline:200 - 💾 บันทึกผลการวิเคราะห์ของ ID: tiktok_7656774232147266837 ลงโฟลเดอร์ประวัติเรียบร้อย
2026-06-30 08:40:18.161 | INFO     | main:enterprise_processing_pipeline:205 - ✅ สำเร็จเสร็จสิ้น! ข้อมูลจากขบวนการลูกผสมถูกนำส่งเข้าระบบสำเร็จ
2026-06-30 08:41:50.770 | INFO     | main:handle_analysis_submission:243 - ลงทะเบียนคำขอผ่าน Route ผสานสัญญาณจริง รหัสงาน: job_1782783710
2026-06-30 08:41:50.776 | INFO     | main:enterprise_processing_pipeline:55 - เริ่มต้นประมวลผลข้อมูลจริงเชิงลึกสำหรับ Job ID: job_1782783710
2026-06-30 08:41:50.777 | INFO     | main:enterprise_processing_pipeline:87 - ดึงสัญญาณวิดีโอจาก YouTube ID: tiktok_7236677520081390849
2026-06-30 08:42:00.313 | INFO     | main:enterprise_processing_pipeline:104 - กำลังสกัดไฟล์เสียงแท้คุณภาพสูงแบบรักษาเนื้อเสียงครบถ้วน: E:/Project_write/WeFool/cache\tiktok_7236677520081390849.mp3
2026-06-30 08:42:05.573 | INFO     | main:enterprise_processing_pipeline:112 - กำลังเปิดระบบสแกนสัญญาณเสียงและสั่งหั่นก้อนข้อมูลส่งวิเคราะห์...
2026-06-30 08:43:08.336 | INFO     | main:enterprise_processing_pipeline:129 - ส่งข้อมูลคำพูดจริงเข้าสู่กระบวนการวิเคราะห์ 8 โมดูลหลักยุทธศาสตร์...
2026-06-30 08:43:39.902 | INFO     | main:enterprise_processing_pipeline:200 - 💾 บันทึกผลการวิเคราะห์ของ ID: tiktok_7236677520081390849 ลงโฟลเดอร์ประวัติเรียบร้อย
2026-06-30 08:43:39.903 | INFO     | main:enterprise_processing_pipeline:205 - ✅ สำเร็จเสร็จสิ้น! ข้อมูลจากขบวนการลูกผสมถูกนำส่งเข้าระบบสำเร็จ
2026-06-30 08:46:20.942 | INFO     | main:handle_analysis_submission:243 - ลงทะเบียนคำขอผ่าน Route ผสานสัญญาณจริง รหัสงาน: job_1782783980
2026-06-30 08:46:20.946 | INFO     | main:enterprise_processing_pipeline:55 - เริ่มต้นประมวลผลข้อมูลจริงเชิงลึกสำหรับ Job ID: job_1782783980
2026-06-30 08:46:20.947 | INFO     | main:enterprise_processing_pipeline:87 - ดึงสัญญาณวิดีโอจาก YouTube ID: tiktok_7542136997280861447
2026-06-30 08:46:30.040 | INFO     | main:enterprise_processing_pipeline:104 - กำลังสกัดไฟล์เสียงแท้คุณภาพสูงแบบรักษาเนื้อเสียงครบถ้วน: E:/Project_write/WeFool/cache\tiktok_7542136997280861447.mp3
2026-06-30 08:46:31.426 | ERROR    | main:enterprise_processing_pipeline:208 - ❌ เกิดข้อผิดพลาดในระบบวิเคราะห์ข้อมูลจริง job_1782783980: Command 'ffmpeg -y -i "E:/Project_write/WeFool/cache\tiktok_7542136997280861447.mp4" -vn -acodec libmp3lame -q:a 2 "E:/Project_write/WeFool/cache\tiktok_7542136997280861447.mp3"' returned non-zero exit status 4294967274.
2026-06-30 08:49:12.035 | INFO     | main:handle_analysis_submission:261 - ลงทะเบียนคำขอผ่าน Route ผสานสัญญาณจริง รหัสงาน: job_1782784152
2026-06-30 08:49:12.036 | INFO     | main:enterprise_processing_pipeline:55 - เริ่มต้นประมวลผลข้อมูลจริงเชิงลึกสำหรับ Job ID: job_1782784152
2026-06-30 08:49:12.037 | INFO     | main:enterprise_processing_pipeline:87 - ดึงสัญญาณวิดีโอจาก YouTube ID: tiktok_7656716951477177621
2026-06-30 08:49:20.875 | INFO     | main:enterprise_processing_pipeline:107 - กำลังสกัดไฟล์เสียงแท้และป้องกันบั๊กสตรีมว่างของ TikTok: E:/Project_write/WeFool/cache\tiktok_7656716951477177621.mp3
2026-06-30 08:49:23.876 | INFO     | main:enterprise_processing_pipeline:130 - กำลังเปิดระบบสแกนสัญญาณเสียงและสั่งหั่นก้อนข้อมูลส่งวิเคราะห์...
2026-06-30 08:49:51.208 | INFO     | main:enterprise_processing_pipeline:147 - ส่งข้อมูลคำพูดจริงเข้าสู่กระบวนการวิเคราะห์ 8 โมดูลหลักยุทธศาสตร์...
2026-06-30 08:50:22.542 | INFO     | main:enterprise_processing_pipeline:218 - 💾 บันทึกผลการวิเคราะห์ของ ID: tiktok_7656716951477177621 ลงโฟลเดอร์ประวัติเรียบร้อย
2026-06-30 08:50:22.542 | INFO     | main:enterprise_processing_pipeline:223 - ✅ สำเร็จเสร็จสิ้น! ข้อมูลจากขบวนการลูกผสมถูกนำส่งเข้าระบบสำเร็จ
2026-06-30 08:53:01.598 | INFO     | main:handle_analysis_submission:261 - ลงทะเบียนคำขอผ่าน Route ผสานสัญญาณจริง รหัสงาน: job_1782784381
2026-06-30 08:53:01.605 | INFO     | main:enterprise_processing_pipeline:55 - เริ่มต้นประมวลผลข้อมูลจริงเชิงลึกสำหรับ Job ID: job_1782784381
2026-06-30 08:53:01.607 | INFO     | main:enterprise_processing_pipeline:87 - ดึงสัญญาณวิดีโอจาก YouTube ID: tiktok_7637746481331571988
2026-06-30 08:53:13.789 | INFO     | main:enterprise_processing_pipeline:107 - กำลังสกัดไฟล์เสียงแท้และป้องกันบั๊กสตรีมว่างของ TikTok: E:/Project_write/WeFool/cache\tiktok_7637746481331571988.mp3
2026-06-30 08:53:16.146 | INFO     | main:enterprise_processing_pipeline:130 - กำลังเปิดระบบสแกนสัญญาณเสียงและสั่งหั่นก้อนข้อมูลส่งวิเคราะห์...
2026-06-30 08:53:32.956 | INFO     | main:enterprise_processing_pipeline:147 - ส่งข้อมูลคำพูดจริงเข้าสู่กระบวนการวิเคราะห์ 8 โมดูลหลักยุทธศาสตร์...
2026-06-30 08:54:03.522 | INFO     | main:enterprise_processing_pipeline:218 - 💾 บันทึกผลการวิเคราะห์ของ ID: tiktok_7637746481331571988 ลงโฟลเดอร์ประวัติเรียบร้อย
2026-06-30 08:54:03.523 | INFO     | main:enterprise_processing_pipeline:223 - ✅ สำเร็จเสร็จสิ้น! ข้อมูลจากขบวนการลูกผสมถูกนำส่งเข้าระบบสำเร็จ
2026-06-30 08:58:18.781 | INFO     | main:handle_analysis_submission:261 - ลงทะเบียนคำขอผ่าน Route ผสานสัญญาณจริง รหัสงาน: job_1782784698
2026-06-30 08:58:23.045 | INFO     | main:enterprise_processing_pipeline:55 - เริ่มต้นประมวลผลข้อมูลจริงเชิงลึกสำหรับ Job ID: job_1782784698
2026-06-30 08:58:23.046 | INFO     | main:enterprise_processing_pipeline:95 - บันทึกไฟล์วิดีโอจากระบบภายในเครื่อง: E:/Project_write/WeFool/cache\local_1782784703_WORKSHOP2mp4.mp4
2026-06-30 08:58:25.166 | INFO     | main:enterprise_processing_pipeline:107 - กำลังสกัดไฟล์เสียงแท้และป้องกันบั๊กสตรีมว่างของ TikTok: E:/Project_write/WeFool/cache\local_1782784703_WORKSHOP2mp4.mp3
2026-06-30 08:58:35.364 | INFO     | main:enterprise_processing_pipeline:130 - กำลังเปิดระบบสแกนสัญญาณเสียงและสั่งหั่นก้อนข้อมูลส่งวิเคราะห์...
2026-06-30 09:00:42.489 | INFO     | main:enterprise_processing_pipeline:147 - ส่งข้อมูลคำพูดจริงเข้าสู่กระบวนการวิเคราะห์ 8 โมดูลหลักยุทธศาสตร์...
2026-06-30 09:02:10.268 | INFO     | main:handle_analysis_submission:268 - ลงทะเบียนคำขอผ่าน Route ผสานสัญญาณจริง รหัสงาน: job_1782784930
2026-06-30 09:02:10.271 | INFO     | main:enterprise_processing_pipeline:55 - เริ่มต้นประมวลผลข้อมูลจริงเชิงลึกสำหรับ Job ID: job_1782784930
2026-06-30 09:02:10.273 | INFO     | main:enterprise_processing_pipeline:87 - ดึงสัญญาณวิดีโอจาก YouTube ID: tiktok_7654954487634939143
2026-06-30 09:02:19.527 | INFO     | main:enterprise_processing_pipeline:107 - กำลังสกัดไฟล์เสียงแท้และป้องกันบั๊กสตรีมว่างของ TikTok: E:/Project_write/WeFool/cache\tiktok_7654954487634939143.mp3
2026-06-30 09:02:21.693 | INFO     | main:enterprise_processing_pipeline:130 - กำลังเปิดระบบสแกนสัญญาณเสียงและสั่งหั่นก้อนข้อมูลส่งวิเคราะห์...
2026-06-30 09:02:45.475 | INFO     | main:enterprise_processing_pipeline:147 - ส่งข้อมูลคำพูดจริงเข้าสู่กระบวนการวิเคราะห์ 8 โมดูลหลักยุทธศาสตร์...
2026-06-30 09:03:16.253 | INFO     | main:enterprise_processing_pipeline:225 - 💾 บันทึกผลการวิเคราะห์ของ ID: tiktok_7654954487634939143 ลงโฟลเดอร์ประวัติเรียบร้อย
2026-06-30 09:03:16.254 | INFO     | main:enterprise_processing_pipeline:230 - ✅ สำเร็จเสร็จสิ้น! ข้อมูลจากขบวนการลูกผสมถูกนำส่งเข้าระบบสำเร็จ
2026-06-30 09:07:43.202 | INFO     | main:handle_analysis_submission:257 - ลงทะเบียนคำขอผ่าน Route รหัสงาน: job_1782785263
2026-06-30 09:07:43.205 | INFO     | main:enterprise_processing_pipeline:55 - เริ่มต้นประมวลผลข้อมูลจริงเชิงลึกสำหรับ Job ID: job_1782785263
2026-06-30 09:07:43.207 | INFO     | main:enterprise_processing_pipeline:87 - ดึงสัญญาณวิดีโอผ่านแพลตฟอร์ม: tiktok_7560398242408680722
2026-06-30 09:07:53.781 | INFO     | main:enterprise_processing_pipeline:104 - กำลังสกัดไฟล์เสียงแท้และป้องกันบั๊กสตรีมว่างของ TikTok: E:/Project_write/WeFool/cache\tiktok_7560398242408680722.mp3
2026-06-30 09:07:55.992 | INFO     | main:enterprise_processing_pipeline:124 - กำลังเปิดระบบสแกนสัญญาณเสียงและสั่งหั่นก้อนข้อมูลส่งวิเคราะห์...
2026-06-30 09:08:09.388 | INFO     | main:enterprise_processing_pipeline:141 - ส่งข้อมูลคำพูดจริงเข้าสู่กระบวนการวิเคราะห์ 8 โมดูลหลักยุทธศาสตร์...
2026-06-30 09:08:40.819 | INFO     | main:enterprise_processing_pipeline:214 - 💾 บันทึกผลการวิเคราะห์ของ ID: tiktok_7560398242408680722 เรียบร้อย
2026-06-30 09:08:40.820 | INFO     | main:enterprise_processing_pipeline:219 - ✅ สำเร็จเสร็จสิ้น! นำส่งข้อมูลเข้าระบบสำเร็จ
2026-06-30 09:11:14.395 | INFO     | main:handle_analysis_submission:266 - ลงทะเบียนคำขอผ่าน Route รหัสงาน: job_1782785474
2026-06-30 09:11:14.397 | INFO     | main:enterprise_processing_pipeline:55 - เริ่มต้นประมวลผลข้อมูลจริงเชิงลึกสำหรับ Job ID: job_1782785474
2026-06-30 09:11:14.398 | INFO     | main:enterprise_processing_pipeline:87 - ดึงสัญญาณวิดีโอผ่านแพลตฟอร์ม: tiktok_7598951404824218898
2026-06-30 09:11:23.598 | INFO     | main:enterprise_processing_pipeline:104 - กำลังสกัดไฟล์เสียงแท้และป้องกันบั๊กสตรีมว่างของ TikTok: E:/Project_write/WeFool/cache\tiktok_7598951404824218898.mp3
2026-06-30 09:11:26.300 | INFO     | main:enterprise_processing_pipeline:124 - กำลังเปิดระบบสแกนสัญญาณเสียงและสั่งหั่นก้อนข้อมูลส่งวิเคราะห์...
2026-06-30 09:11:26.301 | INFO     | main:enterprise_processing_pipeline:129 - 🎬 กำลังเข้ารหัสและจัดเรียงโครงสร้างวิดีโอ (Faststart Remuxing) เพื่อแก้ไขอาการจอดำ...
2026-06-30 09:13:44.622 | INFO     | main:enterprise_processing_pipeline:150 - ส่งข้อมูลคำพูดจริงเข้าสู่กระบวนการวิเคราะห์ 8 โมดูลหลักยุทธศาสตร์...
2026-06-30 09:14:15.673 | INFO     | main:enterprise_processing_pipeline:223 - 💾 บันทึกผลการวิเคราะห์ของ ID: tiktok_7598951404824218898 เรียบร้อย
2026-06-30 09:14:15.674 | INFO     | main:enterprise_processing_pipeline:228 - ✅ สำเร็จเสร็จสิ้น! นำส่งข้อมูลเข้าระบบสำเร็จ
2026-06-30 09:22:35.697 | INFO     | main:handle_analysis_submission:266 - ลงทะเบียนคำขอผ่าน Route รหัสงาน: job_1782786155
2026-06-30 09:22:35.703 | INFO     | main:enterprise_processing_pipeline:55 - เริ่มต้นประมวลผลข้อมูลจริงเชิงลึกสำหรับ Job ID: job_1782786155
2026-06-30 09:22:35.705 | INFO     | main:enterprise_processing_pipeline:87 - ดึงสัญญาณวิดีโอผ่านแพลตฟอร์ม: tiktok_7387676368168897799
2026-06-30 09:22:44.320 | INFO     | main:enterprise_processing_pipeline:104 - กำลังสกัดไฟล์เสียงแท้และป้องกันบั๊กสตรีมว่างของ TikTok: E:/Project_write/WeFool/cache\tiktok_7387676368168897799.mp3
2026-06-30 09:22:49.370 | INFO     | main:enterprise_processing_pipeline:124 - กำลังเปิดระบบสแกนสัญญาณเสียงและสั่งหั่นก้อนข้อมูลส่งวิเคราะห์...
2026-06-30 09:22:49.371 | INFO     | main:enterprise_processing_pipeline:129 - 🎬 กำลังเข้ารหัสและจัดเรียงโครงสร้างวิดีโอ (Faststart Remuxing) เพื่อแก้ไขอาการจอดำ...
2026-06-30 09:23:46.669 | INFO     | main:enterprise_processing_pipeline:150 - ส่งข้อมูลคำพูดจริงเข้าสู่กระบวนการวิเคราะห์ 8 โมดูลหลักยุทธศาสตร์...
2026-06-30 09:24:16.377 | INFO     | main:enterprise_processing_pipeline:223 - 💾 บันทึกผลการวิเคราะห์ของ ID: tiktok_7387676368168897799 เรียบร้อย
2026-06-30 09:24:16.378 | INFO     | main:enterprise_processing_pipeline:228 - ✅ สำเร็จเสร็จสิ้น! นำส่งข้อมูลเข้าระบบสำเร็จ
2026-06-30 09:40:09.235 | INFO     | main:handle_analysis_submission:266 - ลงทะเบียนคำขอผ่าน Route รหัสงาน: job_1782787209
2026-06-30 09:40:12.791 | INFO     | main:enterprise_processing_pipeline:55 - เริ่มต้นประมวลผลข้อมูลจริงเชิงลึกสำหรับ Job ID: job_1782787209
2026-06-30 09:40:12.792 | INFO     | main:enterprise_processing_pipeline:95 - บันทึกไฟล์วิดีโอจากระบบภายในเครื่อง: E:/Project_write/WeFool/cache\local_1782787212_05Chapter5PROMPTmp4.mp4
2026-06-30 09:40:14.926 | INFO     | main:enterprise_processing_pipeline:104 - กำลังสกัดไฟล์เสียงแท้และป้องกันบั๊กสตรีมว่างของ TikTok: E:/Project_write/WeFool/cache\local_1782787212_05Chapter5PROMPTmp4.mp3
2026-06-30 09:40:24.088 | INFO     | main:enterprise_processing_pipeline:124 - กำลังเปิดระบบสแกนสัญญาณเสียงและสั่งหั่นก้อนข้อมูลส่งวิเคราะห์...
2026-06-30 09:40:24.089 | INFO     | main:enterprise_processing_pipeline:129 - 🎬 กำลังเข้ารหัสและจัดเรียงโครงสร้างวิดีโอ (Faststart Remuxing) เพื่อแก้ไขอาการจอดำ...
2026-06-30 09:49:51.393 | INFO     | main:enterprise_processing_pipeline:150 - ส่งข้อมูลคำพูดจริงเข้าสู่กระบวนการวิเคราะห์ 8 โมดูลหลักยุทธศาสตร์...
2026-06-30 09:50:23.361 | INFO     | main:enterprise_processing_pipeline:228 - ✅ สำเร็จเสร็จสิ้น! นำส่งข้อมูลเข้าระบบสำเร็จ
2026-06-30 10:31:40.664 | INFO     | main:handle_analysis_submission:266 - ลงทะเบียนคำขอผ่าน Route รหัสงาน: job_1782790300
2026-06-30 10:31:45.095 | INFO     | main:enterprise_processing_pipeline:55 - เริ่มต้นประมวลผลข้อมูลจริงเชิงลึกสำหรับ Job ID: job_1782790300
2026-06-30 10:31:45.096 | INFO     | main:enterprise_processing_pipeline:95 - บันทึกไฟล์วิดีโอจากระบบภายในเครื่อง: E:/Project_write/WeFool/cache\local_1782790305_05Chapter5PROMPTmp4.mp4
2026-06-30 10:31:47.258 | INFO     | main:enterprise_processing_pipeline:104 - กำลังสกัดไฟล์เสียงแท้และป้องกันบั๊กสตรีมว่างของ TikTok: E:/Project_write/WeFool/cache\local_1782790305_05Chapter5PROMPTmp4.mp3
2026-06-30 10:32:01.582 | INFO     | main:enterprise_processing_pipeline:124 - กำลังเปิดระบบสแกนสัญญาณเสียงและสั่งหั่นก้อนข้อมูลส่งวิเคราะห์...
2026-06-30 10:32:01.584 | INFO     | main:enterprise_processing_pipeline:129 - 🎬 กำลังเข้ารหัสและจัดเรียงโครงสร้างวิดีโอ (Faststart Remuxing) เพื่อแก้ไขอาการจอดำ...
2026-06-30 10:41:24.573 | INFO     | main:enterprise_processing_pipeline:150 - ส่งข้อมูลคำพูดจริงเข้าสู่กระบวนการวิเคราะห์ 8 โมดูลหลักยุทธศาสตร์...
2026-06-30 10:41:59.907 | WARNING  | main:enterprise_processing_pipeline:170 - ⚠️ โครงข่าย AI ส่งค่าว่างกลับมาเนื่องจากชุดข้อมูลหนาแน่น กำลังเปิดใช้งานระบบฐานข้อมูลสำรอง...
2026-06-30 10:41:59.908 | INFO     | main:enterprise_processing_pipeline:228 - ✅ สำเร็จเสร็จสิ้น! นำส่งข้อมูลเข้าระบบสำเร็จ
2026-06-30 10:41:59.930 | INFO     | main:handle_analysis_submission:266 - ลงทะเบียนคำขอผ่าน Route รหัสงาน: job_1782790919
2026-06-30 10:41:59.932 | INFO     | main:enterprise_processing_pipeline:55 - เริ่มต้นประมวลผลข้อมูลจริงเชิงลึกสำหรับ Job ID: job_1782790919
2026-06-30 10:41:59.933 | INFO     | main:enterprise_processing_pipeline:73 - 🎯 เจอประวัติเก่าของลิงก์นี้! (tiktok_7637746481331571988) ดึงข้อมูลแดชบอร์ดขึ้นแสดงทันทีใน 1 วินาที...
2026-06-30 13:17:38.551 | INFO     | main:handle_analysis_submission:266 - ลงทะเบียนคำขอผ่าน Route รหัสงาน: job_1782800258
2026-06-30 13:17:38.554 | INFO     | main:enterprise_processing_pipeline:55 - เริ่มต้นประมวลผลข้อมูลจริงเชิงลึกสำหรับ Job ID: job_1782800258
2026-06-30 13:17:38.556 | INFO     | main:enterprise_processing_pipeline:87 - ดึงสัญญาณวิดีโอผ่านแพลตฟอร์ม: youtube_sNzrmOXXkow
2026-06-30 13:18:00.506 | INFO     | main:enterprise_processing_pipeline:104 - กำลังสกัดไฟล์เสียงแท้และป้องกันบั๊กสตรีมว่างของ TikTok: E:/Project_write/WeFool/cache\youtube_sNzrmOXXkow.mp3
2026-06-30 13:18:09.730 | INFO     | main:enterprise_processing_pipeline:124 - กำลังเปิดระบบสแกนสัญญาณเสียงและสั่งหั่นก้อนข้อมูลส่งวิเคราะห์...
2026-06-30 13:18:09.731 | INFO     | main:enterprise_processing_pipeline:129 - 🎬 กำลังเข้ารหัสและจัดเรียงโครงสร้างวิดีโอ (Faststart Remuxing) เพื่อแก้ไขอาการจอดำ...
2026-06-30 13:33:11.788 | WARNING  | main:enterprise_processing_pipeline:137 - ⚠️ ไม่สามารถทำการเข้ารหัสซ้ำขั้นสูงได้ กำลังคัดลอกไฟล์แบบดิบ...
2026-06-30 13:34:37.778 | INFO     | main:handle_analysis_submission:266 - ลงทะเบียนคำขอผ่าน Route รหัสงาน: job_1782801277
2026-06-30 13:34:37.779 | INFO     | main:enterprise_processing_pipeline:55 - เริ่มต้นประมวลผลข้อมูลจริงเชิงลึกสำหรับ Job ID: job_1782801277
2026-06-30 13:34:37.780 | INFO     | main:enterprise_processing_pipeline:87 - ดึงสัญญาณวิดีโอผ่านแพลตฟอร์ม: youtube_mw4o7LUVSlI
2026-06-30 13:34:48.226 | INFO     | main:enterprise_processing_pipeline:104 - กำลังสกัดไฟล์เสียงแท้และป้องกันบั๊กสตรีมว่างของ TikTok: E:/Project_write/WeFool/cache\youtube_mw4o7LUVSlI.mp3
2026-06-30 13:34:52.235 | INFO     | main:enterprise_processing_pipeline:124 - กำลังเปิดระบบสแกนสัญญาณเสียงและสั่งหั่นก้อนข้อมูลส่งวิเคราะห์...
2026-06-30 13:34:52.236 | INFO     | main:enterprise_processing_pipeline:129 - 🎬 กำลังเข้ารหัสและจัดเรียงโครงสร้างวิดีโอ (Faststart Remuxing) เพื่อแก้ไขอาการจอดำ...
2026-06-30 13:40:44.951 | INFO     | main:enterprise_processing_pipeline:150 - ส่งข้อมูลคำพูดจริงเข้าสู่กระบวนการวิเคราะห์ 8 โมดูลหลักยุทธศาสตร์...
2026-06-30 13:41:09.315 | INFO     | main:enterprise_processing_pipeline:223 - 💾 บันทึกผลการวิเคราะห์ของ ID: youtube_mw4o7LUVSlI เรียบร้อย
2026-06-30 13:41:09.315 | INFO     | main:enterprise_processing_pipeline:228 - ✅ สำเร็จเสร็จสิ้น! นำส่งข้อมูลเข้าระบบสำเร็จ
2026-06-30 13:45:24.928 | INFO     | main:handle_analysis_submission:266 - ลงทะเบียนคำขอผ่าน Route รหัสงาน: job_1782801924
2026-06-30 13:45:24.929 | INFO     | main:enterprise_processing_pipeline:55 - เริ่มต้นประมวลผลข้อมูลจริงเชิงลึกสำหรับ Job ID: job_1782801924
2026-06-30 13:45:24.930 | INFO     | main:enterprise_processing_pipeline:87 - ดึงสัญญาณวิดีโอผ่านแพลตฟอร์ม: youtube_jfQ8V_adaKA
2026-06-30 13:45:37.915 | INFO     | main:enterprise_processing_pipeline:104 - กำลังสกัดไฟล์เสียงแท้และป้องกันบั๊กสตรีมว่างของ TikTok: E:/Project_write/WeFool/cache\youtube_jfQ8V_adaKA.mp3
2026-06-30 13:45:42.439 | INFO     | main:enterprise_processing_pipeline:124 - กำลังเปิดระบบสแกนสัญญาณเสียงและสั่งหั่นก้อนข้อมูลส่งวิเคราะห์...
2026-06-30 13:45:42.440 | INFO     | main:enterprise_processing_pipeline:129 - 🎬 กำลังเข้ารหัสและจัดเรียงโครงสร้างวิดีโอ (Faststart Remuxing) เพื่อแก้ไขอาการจอดำ...
2026-06-30 13:49:31.110 | INFO     | main:enterprise_processing_pipeline:150 - ส่งข้อมูลคำพูดจริงเข้าสู่กระบวนการวิเคราะห์ 8 โมดูลหลักยุทธศาสตร์...
2026-06-30 13:50:05.384 | WARNING  | main:enterprise_processing_pipeline:170 - ⚠️ โครงข่าย AI ส่งค่าว่างกลับมาเนื่องจากชุดข้อมูลหนาแน่น กำลังเปิดใช้งานระบบฐานข้อมูลสำรอง...
2026-06-30 13:50:05.385 | INFO     | main:enterprise_processing_pipeline:223 - 💾 บันทึกผลการวิเคราะห์ของ ID: youtube_jfQ8V_adaKA เรียบร้อย
2026-06-30 13:50:05.386 | INFO     | main:enterprise_processing_pipeline:228 - ✅ สำเร็จเสร็จสิ้น! นำส่งข้อมูลเข้าระบบสำเร็จ
2026-06-30 13:52:53.236 | INFO     | main:handle_analysis_submission:266 - ลงทะเบียนคำขอผ่าน Route รหัสงาน: job_1782802373
2026-06-30 13:52:53.237 | INFO     | main:enterprise_processing_pipeline:55 - เริ่มต้นประมวลผลข้อมูลจริงเชิงลึกสำหรับ Job ID: job_1782802373
2026-06-30 13:52:53.238 | INFO     | main:enterprise_processing_pipeline:73 - 🎯 เจอประวัติเก่าของลิงก์นี้! (youtube_mw4o7LUVSlI) ดึงข้อมูลแดชบอร์ดขึ้นแสดงทันทีใน 1 วินาที...
2026-06-30 13:53:19.629 | INFO     | main:handle_analysis_submission:266 - ลงทะเบียนคำขอผ่าน Route รหัสงาน: job_1782802399
2026-06-30 13:53:19.630 | INFO     | main:enterprise_processing_pipeline:55 - เริ่มต้นประมวลผลข้อมูลจริงเชิงลึกสำหรับ Job ID: job_1782802399
2026-06-30 13:53:19.631 | INFO     | main:enterprise_processing_pipeline:87 - ดึงสัญญาณวิดีโอผ่านแพลตฟอร์ม: youtube_3EUbc8lP95Y
2026-06-30 13:53:33.254 | INFO     | main:enterprise_processing_pipeline:104 - กำลังสกัดไฟล์เสียงแท้และป้องกันบั๊กสตรีมว่างของ TikTok: E:/Project_write/WeFool/cache\youtube_3EUbc8lP95Y.mp3
2026-06-30 13:53:36.936 | INFO     | main:enterprise_processing_pipeline:124 - กำลังเปิดระบบสแกนสัญญาณเสียงและสั่งหั่นก้อนข้อมูลส่งวิเคราะห์...
2026-06-30 13:53:36.937 | INFO     | main:enterprise_processing_pipeline:129 - 🎬 กำลังเข้ารหัสและจัดเรียงโครงสร้างวิดีโอ (Faststart Remuxing) เพื่อแก้ไขอาการจอดำ...
2026-06-30 13:57:15.176 | INFO     | main:enterprise_processing_pipeline:150 - ส่งข้อมูลคำพูดจริงเข้าสู่กระบวนการวิเคราะห์ 8 โมดูลหลักยุทธศาสตร์...
2026-06-30 13:59:20.556 | INFO     | main:handle_analysis_submission:266 - ลงทะเบียนคำขอผ่าน Route รหัสงาน: job_1782802760
2026-06-30 13:59:20.558 | INFO     | main:enterprise_processing_pipeline:55 - เริ่มต้นประมวลผลข้อมูลจริงเชิงลึกสำหรับ Job ID: job_1782802760
2026-06-30 13:59:20.559 | INFO     | main:enterprise_processing_pipeline:87 - ดึงสัญญาณวิดีโอผ่านแพลตฟอร์ม: youtube_3EUbc8lP95Y
2026-06-30 13:59:20.560 | INFO     | main:enterprise_processing_pipeline:124 - กำลังเปิดระบบสแกนสัญญาณเสียงและสั่งหั่นก้อนข้อมูลส่งวิเคราะห์...
2026-06-30 13:59:20.560 | INFO     | main:enterprise_processing_pipeline:129 - 🎬 กำลังเข้ารหัสและจัดเรียงโครงสร้างวิดีโอ (Faststart Remuxing) เพื่อแก้ไขอาการจอดำ...
2026-06-30 14:05:59.049 | INFO     | main:enterprise_processing_pipeline:150 - ส่งข้อมูลคำพูดจริงเข้าสู่กระบวนการวิเคราะห์ 8 โมดูลหลักยุทธศาสตร์...
2026-06-30 14:06:18.132 | INFO     | main:enterprise_processing_pipeline:223 - 💾 บันทึกผลการวิเคราะห์ของ ID: youtube_3EUbc8lP95Y เรียบร้อย
2026-06-30 14:06:18.132 | INFO     | main:enterprise_processing_pipeline:228 - ✅ สำเร็จเสร็จสิ้น! นำส่งข้อมูลเข้าระบบสำเร็จ
2026-06-30 14:07:49.174 | INFO     | main:handle_analysis_submission:266 - ลงทะเบียนคำขอผ่าน Route รหัสงาน: job_1782803269
2026-06-30 14:07:49.176 | INFO     | main:enterprise_processing_pipeline:55 - เริ่มต้นประมวลผลข้อมูลจริงเชิงลึกสำหรับ Job ID: job_1782803269
2026-06-30 14:07:49.177 | INFO     | main:enterprise_processing_pipeline:87 - ดึงสัญญาณวิดีโอผ่านแพลตฟอร์ม: youtube_cPrAxwzBd_s
2026-06-30 14:08:00.647 | INFO     | main:enterprise_processing_pipeline:104 - กำลังสกัดไฟล์เสียงแท้และป้องกันบั๊กสตรีมว่างของ TikTok: E:/Project_write/WeFool/cache\youtube_cPrAxwzBd_s.mp3
2026-06-30 14:08:06.276 | INFO     | main:enterprise_processing_pipeline:124 - กำลังเปิดระบบสแกนสัญญาณเสียงและสั่งหั่นก้อนข้อมูลส่งวิเคราะห์...
2026-06-30 14:08:06.277 | INFO     | main:enterprise_processing_pipeline:129 - 🎬 กำลังเข้ารหัสและจัดเรียงโครงสร้างวิดีโอ (Faststart Remuxing) เพื่อแก้ไขอาการจอดำ...
2026-06-30 14:13:52.129 | INFO     | main:enterprise_processing_pipeline:150 - ส่งข้อมูลคำพูดจริงเข้าสู่กระบวนการวิเคราะห์ 8 โมดูลหลักยุทธศาสตร์...
2026-06-30 14:14:11.581 | INFO     | main:enterprise_processing_pipeline:223 - 💾 บันทึกผลการวิเคราะห์ของ ID: youtube_cPrAxwzBd_s เรียบร้อย
2026-06-30 14:14:11.582 | INFO     | main:enterprise_processing_pipeline:228 - ✅ สำเร็จเสร็จสิ้น! นำส่งข้อมูลเข้าระบบสำเร็จ
2026-06-30 14:16:18.660 | INFO     | main:handle_analysis_submission:266 - ลงทะเบียนคำขอผ่าน Route รหัสงาน: job_1782803778
2026-06-30 14:16:18.662 | INFO     | main:enterprise_processing_pipeline:55 - เริ่มต้นประมวลผลข้อมูลจริงเชิงลึกสำหรับ Job ID: job_1782803778
2026-06-30 14:16:18.662 | INFO     | main:enterprise_processing_pipeline:73 - 🎯 เจอประวัติเก่าของลิงก์นี้! (youtube_3EUbc8lP95Y) ดึงข้อมูลแดชบอร์ดขึ้นแสดงทันทีใน 1 วินาที...
2026-06-30 14:16:40.790 | INFO     | main:handle_analysis_submission:266 - ลงทะเบียนคำขอผ่าน Route รหัสงาน: job_1782803800
2026-06-30 14:16:40.791 | INFO     | main:enterprise_processing_pipeline:55 - เริ่มต้นประมวลผลข้อมูลจริงเชิงลึกสำหรับ Job ID: job_1782803800
2026-06-30 14:16:40.791 | INFO     | main:enterprise_processing_pipeline:87 - ดึงสัญญาณวิดีโอผ่านแพลตฟอร์ม: tiktok_7656975987602754824
2026-06-30 14:16:49.764 | INFO     | main:enterprise_processing_pipeline:104 - กำลังสกัดไฟล์เสียงแท้และป้องกันบั๊กสตรีมว่างของ TikTok: E:/Project_write/WeFool/cache\tiktok_7656975987602754824.mp3
2026-06-30 14:16:51.070 | INFO     | main:enterprise_processing_pipeline:124 - กำลังเปิดระบบสแกนสัญญาณเสียงและสั่งหั่นก้อนข้อมูลส่งวิเคราะห์...
2026-06-30 14:16:51.071 | INFO     | main:enterprise_processing_pipeline:129 - 🎬 กำลังเข้ารหัสและจัดเรียงโครงสร้างวิดีโอ (Faststart Remuxing) เพื่อแก้ไขอาการจอดำ...
2026-06-30 14:18:26.049 | INFO     | main:enterprise_processing_pipeline:150 - ส่งข้อมูลคำพูดจริงเข้าสู่กระบวนการวิเคราะห์ 8 โมดูลหลักยุทธศาสตร์...
2026-06-30 14:18:44.632 | INFO     | main:enterprise_processing_pipeline:223 - 💾 บันทึกผลการวิเคราะห์ของ ID: tiktok_7656975987602754824 เรียบร้อย
2026-06-30 14:18:44.632 | INFO     | main:enterprise_processing_pipeline:228 - ✅ สำเร็จเสร็จสิ้น! นำส่งข้อมูลเข้าระบบสำเร็จ
2026-06-30 14:20:07.707 | INFO     | main:handle_analysis_submission:266 - ลงทะเบียนคำขอผ่าน Route รหัสงาน: job_1782804007
2026-06-30 14:20:11.014 | INFO     | main:enterprise_processing_pipeline:55 - เริ่มต้นประมวลผลข้อมูลจริงเชิงลึกสำหรับ Job ID: job_1782804007
2026-06-30 14:20:11.015 | INFO     | main:enterprise_processing_pipeline:95 - บันทึกไฟล์วิดีโอจากระบบภายในเครื่อง: E:/Project_write/WeFool/cache\local_1782804011_WORKSHOP2mp4.mp4
2026-06-30 14:20:12.146 | INFO     | main:enterprise_processing_pipeline:104 - กำลังสกัดไฟล์เสียงแท้และป้องกันบั๊กสตรีมว่างของ TikTok: E:/Project_write/WeFool/cache\local_1782804011_WORKSHOP2mp4.mp3
2026-06-30 14:20:18.398 | INFO     | main:enterprise_processing_pipeline:124 - กำลังเปิดระบบสแกนสัญญาณเสียงและสั่งหั่นก้อนข้อมูลส่งวิเคราะห์...
2026-06-30 14:20:18.399 | INFO     | main:enterprise_processing_pipeline:129 - 🎬 กำลังเข้ารหัสและจัดเรียงโครงสร้างวิดีโอ (Faststart Remuxing) เพื่อแก้ไขอาการจอดำ...
2026-06-30 14:30:38.902 | INFO     | main:enterprise_processing_pipeline:150 - ส่งข้อมูลคำพูดจริงเข้าสู่กระบวนการวิเคราะห์ 8 โมดูลหลักยุทธศาสตร์...
2026-06-30 14:31:00.182 | INFO     | main:enterprise_processing_pipeline:228 - ✅ สำเร็จเสร็จสิ้น! นำส่งข้อมูลเข้าระบบสำเร็จ
2026-06-30 14:32:46.154 | INFO     | main:handle_analysis_submission:266 - ลงทะเบียนคำขอผ่าน Route รหัสงาน: job_1782804766
2026-06-30 14:32:46.156 | INFO     | main:enterprise_processing_pipeline:55 - เริ่มต้นประมวลผลข้อมูลจริงเชิงลึกสำหรับ Job ID: job_1782804766
2026-06-30 14:32:46.157 | INFO     | main:enterprise_processing_pipeline:73 - 🎯 เจอประวัติเก่าของลิงก์นี้! (tiktok_7656975987602754824) ดึงข้อมูลแดชบอร์ดขึ้นแสดงทันทีใน 1 วินาที...
2026-06-30 14:34:17.438 | INFO     | main:handle_analysis_submission:266 - ลงทะเบียนคำขอผ่าน Route รหัสงาน: job_1782804857
2026-06-30 14:34:19.329 | INFO     | main:enterprise_processing_pipeline:55 - เริ่มต้นประมวลผลข้อมูลจริงเชิงลึกสำหรับ Job ID: job_1782804857
2026-06-30 14:34:19.330 | INFO     | main:enterprise_processing_pipeline:95 - บันทึกไฟล์วิดีโอจากระบบภายในเครื่อง: E:/Project_write/WeFool/cache\local_1782804859_WORKSHOP2mp4.mp4
2026-06-30 14:34:20.436 | INFO     | main:enterprise_processing_pipeline:104 - กำลังสกัดไฟล์เสียงแท้และป้องกันบั๊กสตรีมว่างของ TikTok: E:/Project_write/WeFool/cache\local_1782804859_WORKSHOP2mp4.mp3
2026-06-30 14:34:26.690 | INFO     | main:enterprise_processing_pipeline:124 - กำลังเปิดระบบสแกนสัญญาณเสียงและสั่งหั่นก้อนข้อมูลส่งวิเคราะห์...
2026-06-30 14:34:26.690 | INFO     | main:enterprise_processing_pipeline:129 - 🎬 กำลังเข้ารหัสและจัดเรียงโครงสร้างวิดีโอ (Faststart Remuxing) เพื่อแก้ไขอาการจอดำ...
2026-06-30 14:44:54.050 | INFO     | main:enterprise_processing_pipeline:150 - ส่งข้อมูลคำพูดจริงเข้าสู่กระบวนการวิเคราะห์ 8 โมดูลหลักยุทธศาสตร์...
2026-06-30 14:45:10.637 | INFO     | main:enterprise_processing_pipeline:228 - ✅ สำเร็จเสร็จสิ้น! นำส่งข้อมูลเข้าระบบสำเร็จ
2026-06-30 16:45:51.106 | INFO     | main:handle_analysis_submission:315 - ลงทะเบียนคำขอผ่าน Route รหัสงาน: job_1782812751
2026-06-30 16:45:51.121 | INFO     | main:enterprise_processing_pipeline:57 - เริ่มต้นประมวลผลข้อมูลจริงเชิงลึกสำหรับ Job ID: job_1782812751
2026-06-30 16:45:51.129 | INFO     | main:enterprise_processing_pipeline:121 - กำลังสกัดไฟล์เสียงแท้และป้องกันบั๊กสตรีมว่างของ TikTok: E:/Project_write/WeFool/cache\local_sha256_42af9c73860cc1a5.mp3
2026-06-30 16:45:54.460 | INFO     | main:enterprise_processing_pipeline:139 - กำลังเปิดระบบสแกนสัญญาณเสียงและสั่งหั่นก้อนข้อมูลส่งวิเคราะห์...
2026-06-30 16:45:54.461 | INFO     | main:enterprise_processing_pipeline:143 - 🎬 กำลังเข้ารหัสและจัดเรียงโครงสร้างวิดีโอ (Faststart Remuxing) เพื่อแก้ไขอาการจอดำ...
2026-06-30 16:47:34.553 | INFO     | main:enterprise_processing_pipeline:199 - ส่งข้อมูลคำพูดจริงเข้าสู่กระบวนการวิเคราะห์ 8 โมดูลหลักยุทธศาสตร์...
2026-06-30 16:47:52.792 | INFO     | main:enterprise_processing_pipeline:272 - 💾 ระบบทำการบันทึกประวัติสำเร็จ รหัสอ้างอิง: local_sha256_42af9c73860cc1a5
2026-06-30 16:47:52.792 | INFO     | main:enterprise_processing_pipeline:277 - ✅ สำเร็จเสร็จสิ้น! นำส่งข้อมูลเข้าระบบสำเร็จ
2026-06-30 16:55:01.535 | INFO     | main:handle_analysis_submission:315 - ลงทะเบียนคำขอผ่าน Route รหัสงาน: job_1782813301
2026-06-30 16:55:01.553 | INFO     | main:enterprise_processing_pipeline:57 - เริ่มต้นประมวลผลข้อมูลจริงเชิงลึกสำหรับ Job ID: job_1782813301
2026-06-30 16:55:01.564 | INFO     | main:enterprise_processing_pipeline:121 - กำลังสกัดไฟล์เสียงแท้และป้องกันบั๊กสตรีมว่างของ TikTok: E:/Project_write/WeFool/cache\local_sha256_bed8844b7eb58647.mp3
2026-06-30 16:55:04.714 | INFO     | main:enterprise_processing_pipeline:139 - กำลังเปิดระบบสแกนสัญญาณเสียงและสั่งหั่นก้อนข้อมูลส่งวิเคราะห์...
2026-06-30 16:55:04.715 | INFO     | main:enterprise_processing_pipeline:143 - 🎬 กำลังเข้ารหัสและจัดเรียงโครงสร้างวิดีโอ (Faststart Remuxing) เพื่อแก้ไขอาการจอดำ...
2026-06-30 16:56:36.056 | INFO     | main:enterprise_processing_pipeline:199 - ส่งข้อมูลคำพูดจริงเข้าสู่กระบวนการวิเคราะห์ 8 โมดูลหลักยุทธศาสตร์...
2026-06-30 16:56:54.648 | INFO     | main:enterprise_processing_pipeline:272 - 💾 ระบบทำการบันทึกประวัติสำเร็จ รหัสอ้างอิง: local_sha256_bed8844b7eb58647
2026-06-30 16:56:54.649 | INFO     | main:enterprise_processing_pipeline:277 - ✅ สำเร็จเสร็จสิ้น! นำส่งข้อมูลเข้าระบบสำเร็จ
2026-06-30 16:58:42.528 | INFO     | main:handle_analysis_submission:315 - ลงทะเบียนคำขอผ่าน Route รหัสงาน: job_1782813522
2026-06-30 16:58:42.547 | INFO     | main:enterprise_processing_pipeline:57 - เริ่มต้นประมวลผลข้อมูลจริงเชิงลึกสำหรับ Job ID: job_1782813522
2026-06-30 16:58:42.553 | INFO     | main:enterprise_processing_pipeline:101 - 🎯 [SHA-256 Match] เจอประวัติตรงกันจากสารบบไฟล์เนื้อหาเดิม! (local_sha256_bed8844b7eb58647) ดึงผลลัพธ์ขึ้นแสดงทันที...
2026-06-30 21:58:45.555 | INFO     | main:handle_analysis_submission:315 - ลงทะเบียนคำขอผ่าน Route รหัสงาน: job_1782831525
2026-06-30 21:58:45.562 | INFO     | main:enterprise_processing_pipeline:57 - เริ่มต้นประมวลผลข้อมูลจริงเชิงลึกสำหรับ Job ID: job_1782831525
2026-06-30 21:58:45.564 | INFO     | main:enterprise_processing_pipeline:88 - ดึงสัญญาณวิดีโอผ่านแพลตฟอร์ม: youtube_NPWjam6-En4
2026-06-30 22:00:36.287 | INFO     | main:enterprise_processing_pipeline:121 - กำลังสกัดไฟล์เสียงแท้และป้องกันบั๊กสตรีมว่างของ TikTok: E:/Project_write/WeFool/cache\youtube_NPWjam6-En4.mp3
2026-06-30 22:00:54.956 | INFO     | main:enterprise_processing_pipeline:139 - กำลังเปิดระบบสแกนสัญญาณเสียงและสั่งหั่นก้อนข้อมูลส่งวิเคราะห์...
2026-06-30 22:00:54.956 | INFO     | main:enterprise_processing_pipeline:143 - 🎬 กำลังเข้ารหัสและจัดเรียงโครงสร้างวิดีโอ (Faststart Remuxing) เพื่อแก้ไขอาการจอดำ...
2026-06-30 22:21:57.440 | WARNING  | main:enterprise_processing_pipeline:148 - ⚠️ ไม่สามารถทำการเข้ารหัสซ้ำขั้นสูงได้ กำลังคัดลอกไฟล์แบบดิบ...
2026-06-30 22:23:54.332 | INFO     | main:handle_analysis_submission:315 - ลงทะเบียนคำขอผ่าน Route รหัสงาน: job_1782833034
2026-06-30 22:23:54.334 | INFO     | main:enterprise_processing_pipeline:57 - เริ่มต้นประมวลผลข้อมูลจริงเชิงลึกสำหรับ Job ID: job_1782833034
2026-06-30 22:23:54.335 | INFO     | main:enterprise_processing_pipeline:88 - ดึงสัญญาณวิดีโอผ่านแพลตฟอร์ม: youtube_uwMvpaWRl74
2026-06-30 22:26:05.492 | INFO     | main:enterprise_processing_pipeline:121 - กำลังสกัดไฟล์เสียงแท้และป้องกันบั๊กสตรีมว่างของ TikTok: E:/Project_write/WeFool/cache\youtube_uwMvpaWRl74.mp3
2026-06-30 22:26:18.735 | INFO     | main:enterprise_processing_pipeline:139 - กำลังเปิดระบบสแกนสัญญาณเสียงและสั่งหั่นก้อนข้อมูลส่งวิเคราะห์...
2026-06-30 22:26:18.735 | INFO     | main:enterprise_processing_pipeline:143 - 🎬 กำลังเข้ารหัสและจัดเรียงโครงสร้างวิดีโอ (Faststart Remuxing) เพื่อแก้ไขอาการจอดำ...
2026-06-30 22:46:07.403 | WARNING  | main:enterprise_processing_pipeline:148 - ⚠️ ไม่สามารถทำการเข้ารหัสซ้ำขั้นสูงได้ กำลังคัดลอกไฟล์แบบดิบ...
2026-07-01 08:48:33.773 | INFO     | main:handle_analysis_submission:315 - ลงทะเบียนคำขอผ่าน Route รหัสงาน: job_1782870513
2026-07-01 08:48:33.780 | INFO     | main:enterprise_processing_pipeline:57 - เริ่มต้นประมวลผลข้อมูลจริงเชิงลึกสำหรับ Job ID: job_1782870513
2026-07-01 08:48:33.789 | INFO     | main:enterprise_processing_pipeline:74 - 🎯 เจอประวัติเก่าของลิงก์นี้! (youtube_3EUbc8lP95Y) ดึงข้อมูลแดชบอร์ดขึ้นแสดงทันทีใน 1 วินาที...
2026-07-01 09:10:59.941 | INFO     | main:handle_analysis_submission:315 - ลงทะเบียนคำขอผ่าน Route รหัสงาน: job_1782871859
2026-07-01 09:10:59.946 | INFO     | main:enterprise_processing_pipeline:57 - เริ่มต้นประมวลผลข้อมูลจริงเชิงลึกสำหรับ Job ID: job_1782871859
2026-07-01 09:10:59.948 | INFO     | main:enterprise_processing_pipeline:88 - ดึงสัญญาณวิดีโอผ่านแพลตฟอร์ม: youtube_oWb6m7JwiQc
2026-07-01 09:11:12.603 | ERROR    | main:enterprise_processing_pipeline:280 - ❌ เกิดข้อผิดพลาดในระบบวิเคราะห์ข้อมูลจริง job_1782871859: Command 'yt-dlp -f "bestvideo[ext=mp4]+bestaudio[ext=m4a]/best[ext=mp4]" --ffmpeg-location "E:\WeFool" "https://youtu.be/oWb6m7JwiQc?si=2HNGbyZuibN8re3i" -o "E:/Project_write/WeFool/cache\youtube_oWb6m7JwiQc.mp4"' returned non-zero exit status 1.
2026-07-01 09:14:11.818 | INFO     | __main__:<module>:353 - กำลังสตาร์ทระบบ YAMASEE Transcript Real Platform Systems...
2026-07-01 09:19:47.971 | INFO     | __main__:<module>:353 - กำลังสตาร์ทระบบ YAMASEE Transcript Real Platform Systems...
2026-07-01 09:19:52.841 | INFO     | main:handle_analysis_submission:315 - ลงทะเบียนคำขอผ่าน Route รหัสงาน: job_1782872392
2026-07-01 09:19:52.843 | INFO     | main:enterprise_processing_pipeline:57 - เริ่มต้นประมวลผลข้อมูลจริงเชิงลึกสำหรับ Job ID: job_1782872392
2026-07-01 09:19:52.844 | INFO     | main:enterprise_processing_pipeline:88 - ดึงสัญญาณวิดีโอผ่านแพลตฟอร์ม: youtube_oWb6m7JwiQc
2026-07-01 09:20:09.658 | INFO     | main:enterprise_processing_pipeline:121 - กำลังสกัดไฟล์เสียงแท้และป้องกันบั๊กสตรีมว่างของ TikTok: E:/Project_write/WeFool/cache\youtube_oWb6m7JwiQc.mp3
2026-07-01 09:20:16.592 | INFO     | main:enterprise_processing_pipeline:139 - กำลังเปิดระบบสแกนสัญญาณเสียงและสั่งหั่นก้อนข้อมูลส่งวิเคราะห์...
2026-07-01 09:20:16.592 | INFO     | main:enterprise_processing_pipeline:143 - 🎬 กำลังเข้ารหัสและจัดเรียงโครงสร้างวิดีโอ (Faststart Remuxing) เพื่อแก้ไขอาการจอดำ...
2026-07-01 09:32:48.344 | INFO     | main:handle_analysis_submission:315 - ลงทะเบียนคำขอผ่าน Route รหัสงาน: job_1782873168
2026-07-01 09:32:48.346 | INFO     | main:enterprise_processing_pipeline:57 - เริ่มต้นประมวลผลข้อมูลจริงเชิงลึกสำหรับ Job ID: job_1782873168
2026-07-01 09:32:48.348 | INFO     | main:enterprise_processing_pipeline:88 - ดึงสัญญาณวิดีโอผ่านแพลตฟอร์ม: youtube_94qLyp9yqrc
2026-07-01 09:33:18.188 | INFO     | main:enterprise_processing_pipeline:121 - กำลังสกัดไฟล์เสียงแท้และป้องกันบั๊กสตรีมว่างของ TikTok: E:/Project_write/WeFool/cache\youtube_94qLyp9yqrc.mp3
2026-07-01 09:33:26.619 | INFO     | main:enterprise_processing_pipeline:139 - กำลังเปิดระบบสแกนสัญญาณเสียงและสั่งหั่นก้อนข้อมูลส่งวิเคราะห์...
2026-07-01 09:33:26.620 | INFO     | main:enterprise_processing_pipeline:143 - 🎬 กำลังเข้ารหัสและจัดเรียงโครงสร้างวิดีโอ (Faststart Remuxing) เพื่อแก้ไขอาการจอดำ...
2026-07-01 09:45:02.707 | INFO     | main:enterprise_processing_pipeline:199 - ส่งข้อมูลคำพูดจริงเข้าสู่กระบวนการวิเคราะห์ 8 โมดูลหลักยุทธศาสตร์...
2026-07-01 09:45:51.887 | INFO     | main:enterprise_processing_pipeline:272 - 💾 ระบบทำการบันทึกประวัติสำเร็จ รหัสอ้างอิง: youtube_94qLyp9yqrc
2026-07-01 09:45:51.888 | INFO     | main:enterprise_processing_pipeline:277 - ✅ สำเร็จเสร็จสิ้น! นำส่งข้อมูลเข้าระบบสำเร็จ
2026-07-01 10:08:49.580 | INFO     | main:handle_analysis_submission:315 - ลงทะเบียนคำขอผ่าน Route รหัสงาน: job_1782875329
2026-07-01 10:08:49.582 | INFO     | main:enterprise_processing_pipeline:57 - เริ่มต้นประมวลผลข้อมูลจริงเชิงลึกสำหรับ Job ID: job_1782875329
2026-07-01 10:08:49.583 | INFO     | main:enterprise_processing_pipeline:88 - ดึงสัญญาณวิดีโอผ่านแพลตฟอร์ม: youtube_OzF82U2zAKs
2026-07-01 10:09:18.287 | INFO     | main:enterprise_processing_pipeline:121 - กำลังสกัดไฟล์เสียงแท้และป้องกันบั๊กสตรีมว่างของ TikTok: E:/Project_write/WeFool/cache\youtube_OzF82U2zAKs.mp3
2026-07-01 10:09:31.162 | INFO     | main:enterprise_processing_pipeline:139 - กำลังเปิดระบบสแกนสัญญาณเสียงและสั่งหั่นก้อนข้อมูลส่งวิเคราะห์...
2026-07-01 10:09:31.163 | INFO     | main:enterprise_processing_pipeline:143 - 🎬 กำลังเข้ารหัสและจัดเรียงโครงสร้างวิดีโอ (Faststart Remuxing) เพื่อแก้ไขอาการจอดำ...
2026-07-01 10:33:19.470 | INFO     | main:enterprise_processing_pipeline:199 - ส่งข้อมูลคำพูดจริงเข้าสู่กระบวนการวิเคราะห์ 8 โมดูลหลักยุทธศาสตร์...
2026-07-01 10:33:41.722 | INFO     | main:enterprise_processing_pipeline:272 - 💾 ระบบทำการบันทึกประวัติสำเร็จ รหัสอ้างอิง: youtube_OzF82U2zAKs
2026-07-01 10:33:41.723 | INFO     | main:enterprise_processing_pipeline:277 - ✅ สำเร็จเสร็จสิ้น! นำส่งข้อมูลเข้าระบบสำเร็จ
2026-07-01 10:48:54.173 | INFO     | main:handle_analysis_submission:397 - ลงทะเบียนคำขอผ่าน Route รหัสงาน: job_1782877734
2026-07-01 10:48:54.175 | INFO     | main:enterprise_processing_pipeline:57 - เริ่มต้นประมวลผลข้อมูลจริงเชิงลึกสำหรับ Job ID: job_1782877734
2026-07-01 10:48:54.176 | INFO     | main:enterprise_processing_pipeline:88 - ดึงสัญญาณวิดีโอผ่านแพลตฟอร์ม: youtube_0Y6hJaHftpk
2026-07-01 10:49:03.942 | ERROR    | main:enterprise_processing_pipeline:306 - ❌ เกิดข้อผิดพลาดในระบบวิเคราะห์ข้อมูลจริง job_1782877734: Command 'yt-dlp -f "bestvideo[ext=mp4]+bestaudio[ext=m4a]/best[ext=mp4]" --ffmpeg-location "E:\WeFool" "https://youtu.be/0Y6hJaHftpk?si=HznrSYc0PHpVKg6d" -o "E:/Project_write/WeFool/cache\youtube_0Y6hJaHftpk.mp4"' returned non-zero exit status 1.
2026-07-01 10:50:54.392 | INFO     | main:handle_analysis_submission:397 - ลงทะเบียนคำขอผ่าน Route รหัสงาน: job_1782877854
2026-07-01 10:50:54.394 | INFO     | main:enterprise_processing_pipeline:57 - เริ่มต้นประมวลผลข้อมูลจริงเชิงลึกสำหรับ Job ID: job_1782877854
2026-07-01 10:50:54.396 | INFO     | main:enterprise_processing_pipeline:88 - ดึงสัญญาณวิดีโอผ่านแพลตฟอร์ม: youtube_eHXf3VCt1l0
2026-07-01 10:51:19.931 | INFO     | main:enterprise_processing_pipeline:121 - กำลังสกัดไฟล์เสียงแท้และป้องกันบั๊กสตรีมว่างของ TikTok: E:/Project_write/WeFool/cache\youtube_eHXf3VCt1l0.mp3
2026-07-01 10:51:31.918 | INFO     | main:enterprise_processing_pipeline:139 - กำลังเปิดระบบสแกนสัญญาณเสียงและสั่งหั่นก้อนข้อมูลส่งวิเคราะห์...
2026-07-01 10:51:31.918 | INFO     | main:enterprise_processing_pipeline:143 - 🎬 กำลังเข้ารหัสและจัดเรียงโครงสร้างวิดีโอ (Faststart Remuxing) เพื่อแก้ไขอาการจอดำ...
2026-07-01 11:13:39.965 | WARNING  | main:enterprise_processing_pipeline:148 - ⚠️ ไม่สามารถทำการเข้ารหัสซ้ำขั้นสูงได้ กำลังคัดลอกไฟล์แบบดิบ...
2026-07-01 11:19:10.049 | INFO     | main:enterprise_processing_pipeline:199 - ส่งข้อมูลคำพูดจริงเข้าสู่กระบวนการวิเคราะห์ 8 โมดูลหลักยุทธศาสตร์...
2026-07-01 11:19:31.443 | INFO     | main:enterprise_processing_pipeline:298 - 💾 ระบบทำการบันทึกประวัติสำเร็จ รหัสอ้างอิง: youtube_eHXf3VCt1l0
2026-07-01 11:19:31.444 | INFO     | main:enterprise_processing_pipeline:303 - ✅ สำเร็จเสร็จสิ้น! นำส่งข้อมูลเข้าระบบสำเร็จ
2026-07-01 11:46:24.168 | INFO     | main:handle_analysis_submission:430 - ลงทะเบียนคำขอผ่าน Route รหัสงาน: job_1782881184
2026-07-01 11:46:24.169 | INFO     | main:enterprise_processing_pipeline:58 - เริ่มต้นประมวลผลข้อมูลจริงเชิงลึกสำหรับ Job ID: job_1782881184
2026-07-01 11:46:24.170 | INFO     | main:enterprise_processing_pipeline:89 - ดึงสัญญาณวิดีโอผ่านแพลตฟอร์ม: tiktok_7656391714025803029
2026-07-01 11:46:30.758 | ERROR    | main:enterprise_processing_pipeline:339 - ❌ เกิดข้อผิดพลาดในระบบวิเคราะห์ข้อมูลจริง job_1782881184: Command 'yt-dlp -f "best[ext=mp4]" --client-certificate "" --extractor-args "youtube:player-client=android-vr,ios" --ffmpeg-location "E:\WeFool" "https://www.tiktok.com/@chuthimajane/video/7656391714025803029?is_from_webapp=1&sender_device=pc" -o "E:/Project_write/WeFool/cache\tiktok_7656391714025803029.mp4"' returned non-zero exit status 1.
2026-07-01 11:53:05.050 | INFO     | main:handle_analysis_submission:430 - ลงทะเบียนคำขอผ่าน Route รหัสงาน: job_1782881585
2026-07-01 11:53:05.052 | INFO     | main:enterprise_processing_pipeline:58 - เริ่มต้นประมวลผลข้อมูลจริงเชิงลึกสำหรับ Job ID: job_1782881585
2026-07-01 11:53:05.053 | INFO     | main:enterprise_processing_pipeline:89 - ดึงสัญญาณวิดีโอผ่านแพลตฟอร์ม: tiktok_7657025018072780040
2026-07-01 11:53:11.210 | ERROR    | main:enterprise_processing_pipeline:339 - ❌ เกิดข้อผิดพลาดในระบบวิเคราะห์ข้อมูลจริง job_1782881585: Command 'yt-dlp -f "best[ext=mp4]" --client-certificate "" --extractor-args "youtube:player-client=android-vr,ios" --ffmpeg-location "E:\WeFool" "https://www.tiktok.com/@happydoggothai/video/7657025018072780040?is_from_webapp=1&sender_device=pc" -o "E:/Project_write/WeFool/cache\tiktok_7657025018072780040.mp4"' returned non-zero exit status 1.
2026-07-01 12:02:18.997 | INFO     | main:handle_analysis_submission:438 - ลงทะเบียนคำขอผ่าน Route รหัสงาน: job_1782882138
2026-07-01 12:02:18.999 | INFO     | main:enterprise_processing_pipeline:58 - เริ่มต้นประมวลผลข้อมูลจริงเชิงลึกสำหรับ Job ID: job_1782882138
2026-07-01 12:02:19.000 | INFO     | main:enterprise_processing_pipeline:89 - ดึงสัญญาณวิดีโอผ่านแพลตฟอร์ม: tiktok_7135795158762753306
2026-07-01 12:02:19.001 | INFO     | main:enterprise_processing_pipeline:95 - 📱 ระบบตรวจสอบพบสัญญาณลิงก์ TikTok กำลังสลับไปใช้ท่อดาวน์โหลดสากลมาตรฐาน...
2026-07-01 12:02:27.553 | INFO     | main:enterprise_processing_pipeline:137 - กำลังสกัดไฟล์เสียงแท้และป้องกันบั๊กสตรีมว่างของ TikTok: E:/Project_write/WeFool/cache\tiktok_7135795158762753306.mp3
2026-07-01 12:02:29.561 | INFO     | main:enterprise_processing_pipeline:155 - กำลังเปิดระบบสแกนสัญญาณเสียงและสั่งหั่นก้อนข้อมูลส่งวิเคราะห์...
2026-07-01 12:02:29.561 | INFO     | main:enterprise_processing_pipeline:160 - 🎬 กำลังจัดเรียงโครงสร้างวิดีโอแบบด่วนความเร็วสูง (Faststart Ultra-Fast Copy) เพื่อแก้ไขอาการจอดำ...
2026-07-01 12:03:57.840 | INFO     | main:enterprise_processing_pipeline:216 - ส่งข้อมูลคำพูดจริงเข้าสู่กระบวนการวิเคราะห์ 8 โมดูลหลักยุทธศาสตร์...
2026-07-01 12:04:21.271 | INFO     | main:enterprise_processing_pipeline:339 - 💾 ระบบทำการบันทึกประวัติสำเร็จ รหัสอ้างอิง: tiktok_7135795158762753306
2026-07-01 12:04:21.271 | INFO     | main:enterprise_processing_pipeline:344 - ✅ สำเร็จเสร็จสิ้น! นำส่งข้อมูลเข้าระบบสำเร็จ
2026-07-01 12:09:42.026 | INFO     | main:handle_analysis_submission:417 - ลงทะเบียนคำขอผ่าน Route รหัสงาน: job_1782882582
2026-07-01 12:09:42.027 | INFO     | main:enterprise_processing_pipeline:58 - เริ่มต้นประมวลผลข้อมูลจริงเชิงลึกสำหรับ Job ID: job_1782882582
2026-07-01 12:09:42.028 | INFO     | main:enterprise_processing_pipeline:89 - ดึงสัญญาณวิดีโอผ่านแพลตฟอร์ม: tiktok_7502027784789806354
2026-07-01 12:09:42.028 | INFO     | main:enterprise_processing_pipeline:95 - 📱 ระบบตรวจสอบพบสัญญาณลิงก์ TikTok กำลังสลับไปใช้ท่อดาวน์โหลดสากลมาตรฐาน...
2026-07-01 12:09:49.402 | INFO     | main:enterprise_processing_pipeline:140 - กำลังสกัดไฟล์เสียงแท้และป้องกันบั๊กสตรีมว่างของ TikTok: E:/Project_write/WeFool/cache\tiktok_7502027784789806354.mp3
2026-07-01 12:09:50.890 | INFO     | main:enterprise_processing_pipeline:158 - กำลังเปิดระบบสแกนสัญญาณเสียงและสั่งหั่นก้อนข้อมูลส่งวิเคราะห์...
2026-07-01 12:09:50.890 | INFO     | main:enterprise_processing_pipeline:163 - 🎬 กำลังจัดเรียงโครงสร้างวิดีโอแบบด่วนความเร็วสูง (Faststart Ultra-Fast Copy) เพื่อแก้ไขอาการจอดำ...
2026-07-01 12:10:11.272 | INFO     | main:enterprise_processing_pipeline:219 - ส่งข้อมูลคำพูดจริงเข้าสู่กระบวนการวิเคราะห์ 8 โมดูลหลักยุทธศาสตร์...
2026-07-01 12:10:30.295 | INFO     | main:enterprise_processing_pipeline:318 - 💾 ระบบทำการบันทึกประวัติสำเร็จ รหัสอ้างอิง: tiktok_7502027784789806354
2026-07-01 12:10:30.296 | INFO     | main:enterprise_processing_pipeline:323 - ✅ สำเร็จเสร็จสิ้น! นำส่งข้อมูลเข้าระบบสำเร็จ
2026-07-01 12:13:19.465 | INFO     | main:handle_analysis_submission:434 - ลงทะเบียนคำขอผ่าน Route รหัสงาน: job_1782882799
2026-07-01 12:13:19.467 | INFO     | main:enterprise_processing_pipeline:58 - เริ่มต้นประมวลผลข้อมูลจริงเชิงลึกสำหรับ Job ID: job_1782882799
2026-07-01 12:13:19.468 | INFO     | main:enterprise_processing_pipeline:89 - ดึงสัญญาณวิดีโอผ่านแพลตฟอร์ม: tiktok_7549158921810808084
2026-07-01 12:13:19.469 | INFO     | main:enterprise_processing_pipeline:95 - 📱 ระบบตรวจสอบพบสัญญาณลิงก์ TikTok กำลังสลับไปใช้ท่อดาวน์โหลดสากลมาตรฐาน...
2026-07-01 12:13:26.550 | INFO     | main:enterprise_processing_pipeline:140 - กำลังสกัดไฟล์เสียงแท้และป้องกันบั๊กสตรีมว่างของ TikTok: E:/Project_write/WeFool/cache\tiktok_7549158921810808084.mp3
2026-07-01 12:13:28.248 | INFO     | main:enterprise_processing_pipeline:158 - กำลังเปิดระบบสแกนสัญญาณเสียงและสั่งหั่นก้อนข้อมูลส่งวิเคราะห์...
2026-07-01 12:13:28.248 | INFO     | main:enterprise_processing_pipeline:163 - กำลังเปิดระบบสแกนสัญญาณเสียงและสั่งหั่นก้อนข้อมูลส่งวิเคราะห์...
2026-07-01 12:13:28.249 | INFO     | main:enterprise_processing_pipeline:171 - 🎬 [TikTok Video Remux] บังคับแปลงรหัสภาพใหม่เป็น H.264 (libx264) สปีดเร่งด่วนเพื่อแก้ปัญหาจอดำ...
2026-07-01 12:14:22.950 | INFO     | main:enterprise_processing_pipeline:236 - ส่งข้อมูลคำพูดจริงเข้าสู่กระบวนการวิเคราะห์ 8 โมดูลหลักยุทธศาสตร์...
2026-07-01 12:14:45.843 | INFO     | main:enterprise_processing_pipeline:335 - 💾 ระบบทำการบันทึกประวัติสำเร็จ รหัสอ้างอิง: tiktok_7549158921810808084
2026-07-01 12:14:45.843 | INFO     | main:enterprise_processing_pipeline:340 - ✅ สำเร็จเสร็จสิ้น! นำส่งข้อมูลเข้าระบบสำเร็จ
2026-07-01 12:24:52.289 | INFO     | main:handle_analysis_submission:434 - ลงทะเบียนคำขอผ่าน Route รหัสงาน: job_1782883492
2026-07-01 12:24:52.290 | INFO     | main:enterprise_processing_pipeline:58 - เริ่มต้นประมวลผลข้อมูลจริงเชิงลึกสำหรับ Job ID: job_1782883492
2026-07-01 12:24:52.291 | INFO     | main:enterprise_processing_pipeline:89 - ดึงสัญญาณวิดีโอผ่านแพลตฟอร์ม: youtube_eUXTkZJ-SFo
2026-07-01 12:24:52.292 | INFO     | main:enterprise_processing_pipeline:100 - 📺 ระบบตรวจสอบพบสัญญาณลิงก์ YouTube กำลังเปิดใช้งานระบบหลบระบบดักบอต 403...
2026-07-01 12:24:58.197 | ERROR    | main:enterprise_processing_pipeline:343 - ❌ เกิดข้อผิดพลาดในระบบวิเคราะห์ข้อมูลจริง job_1782883492: Command 'yt-dlp -f "bestvideo[vcodec^=avc1]+bestaudio/best[vcodec^=avc1]/best" --client-certificate "" --extractor-args "youtube:player-client=android-vr,ios" --ffmpeg-location "E:\WeFool" "https://youtu.be/eUXTkZJ-SFo?si=f4xTqd1EMBZNONzJ" -o "E:/Project_write/WeFool/cache\youtube_eUXTkZJ-SFo.mp4"' returned non-zero exit status 1.
2026-07-01 12:25:27.705 | INFO     | main:handle_analysis_submission:434 - ลงทะเบียนคำขอผ่าน Route รหัสงาน: job_1782883527
2026-07-01 12:25:27.706 | INFO     | main:enterprise_processing_pipeline:58 - เริ่มต้นประมวลผลข้อมูลจริงเชิงลึกสำหรับ Job ID: job_1782883527
2026-07-01 12:25:27.706 | INFO     | main:enterprise_processing_pipeline:89 - ดึงสัญญาณวิดีโอผ่านแพลตฟอร์ม: youtube_7XqhwAPoyS8
2026-07-01 12:25:27.707 | INFO     | main:enterprise_processing_pipeline:100 - 📺 ระบบตรวจสอบพบสัญญาณลิงก์ YouTube กำลังเปิดใช้งานระบบหลบระบบดักบอต 403...
2026-07-01 12:25:33.018 | ERROR    | main:enterprise_processing_pipeline:343 - ❌ เกิดข้อผิดพลาดในระบบวิเคราะห์ข้อมูลจริง job_1782883527: Command 'yt-dlp -f "bestvideo[vcodec^=avc1]+bestaudio/best[vcodec^=avc1]/best" --client-certificate "" --extractor-args "youtube:player-client=android-vr,ios" --ffmpeg-location "E:\WeFool" "https://youtu.be/7XqhwAPoyS8?si=MSWpUw_CFpJFOIte" -o "E:/Project_write/WeFool/cache\youtube_7XqhwAPoyS8.mp4"' returned non-zero exit status 1.
2026-07-01 12:31:20.744 | INFO     | main:handle_analysis_submission:420 - ลงทะเบียนคำขอผ่าน Route รหัสงาน: job_1782883880
2026-07-01 12:31:20.745 | INFO     | main:enterprise_processing_pipeline:58 - เริ่มต้นประมวลผลข้อมูลจริงเชิงลึกสำหรับ Job ID: job_1782883880
2026-07-01 12:31:20.746 | INFO     | main:enterprise_processing_pipeline:89 - ดึงสัญญาณวิดีโอผ่านแพลตฟอร์ม: youtube_eF6MPvSFC9o
2026-07-01 12:31:20.746 | INFO     | main:enterprise_processing_pipeline:99 - 📺 ระบบตรวจสอบพบสัญญาณลิงก์ YouTube กำลังเปิดใช้งานระบบหลบหลีก PO Token และดักบอต...
2026-07-01 12:31:29.310 | ERROR    | main:enterprise_processing_pipeline:329 - ❌ เกิดข้อผิดพลาดในระบบวิเคราะห์ข้อมูลจริง job_1782883880: Command 'yt-dlp -f "bestvideo[ext=mp4]+bestaudio[ext=m4a]/best[ext=mp4]/best" --extractor-args "youtube:player-client=web,mweb" --ffmpeg-location "E:\WeFool" "https://youtu.be/eF6MPvSFC9o?si=NHrEHxb4VP52h-Yr" -o "E:/Project_write/WeFool/cache\youtube_eF6MPvSFC9o.mp4"' returned non-zero exit status 1.
2026-07-01 12:34:43.884 | INFO     | main:handle_analysis_submission:421 - ลงทะเบียนคำขอผ่าน Route รหัสงาน: job_1782884083
2026-07-01 12:34:43.885 | INFO     | main:enterprise_processing_pipeline:58 - เริ่มต้นประมวลผลข้อมูลจริงเชิงลึกสำหรับ Job ID: job_1782884083
2026-07-01 12:34:43.886 | INFO     | main:enterprise_processing_pipeline:89 - ดึงสัญญาณวิดีโอผ่านแพลตฟอร์ม: youtube_EDTrHlZs_2s
2026-07-01 12:34:43.886 | INFO     | main:enterprise_processing_pipeline:100 - 📺 ระบบตรวจสอบพบสัญญาณลิงก์ YouTube กำลังเปิดใช้งานระบบท่อเปิดกว้างข้ามด่าน PO Token...
2026-07-01 12:34:53.148 | INFO     | main:enterprise_processing_pipeline:138 - กำลังสกัดไฟล์เสียงแท้และป้องกันบั๊กสตรีมว่างของ TikTok: E:/Project_write/WeFool/cache\youtube_EDTrHlZs_2s.mp3
2026-07-01 12:34:57.513 | INFO     | main:enterprise_processing_pipeline:156 - กำลังเปิดระบบสแกนสัญญาณเสียงและสั่งหั่นก้อนข้อมูลส่งวิเคราะห์...
2026-07-01 12:34:57.513 | INFO     | main:enterprise_processing_pipeline:171 - 🎬 [Standard Video Remux] จัดเรียงโครงสร้างวิดีโอแบบด่วนความเร็วสูง (Faststart Copy)...
2026-07-01 12:37:13.881 | INFO     | main:enterprise_processing_pipeline:225 - ส่งข้อมูลคำพูดจริงเข้าสู่กระบวนการวิเคราะห์ 8 โมดูลหลักยุทธศาสตร์...
2026-07-01 12:37:36.927 | INFO     | main:enterprise_processing_pipeline:322 - 💾 ระบบทำการบันทึกประวัติสำเร็จ รหัสอ้างอิง: youtube_EDTrHlZs_2s
2026-07-01 12:37:36.928 | INFO     | main:enterprise_processing_pipeline:327 - ✅ สำเร็จเสร็จสิ้น! นำส่งข้อมูลเข้าระบบสำเร็จ
2026-07-01 14:50:27.117 | INFO     | main:handle_analysis_submission:428 - ลงทะเบียนคำขอผ่าน Route รหัสงาน: job_1782892227
2026-07-01 14:50:27.120 | INFO     | main:enterprise_processing_pipeline:58 - เริ่มต้นประมวลผลข้อมูลจริงเชิงลึกสำหรับ Job ID: job_1782892227
2026-07-01 14:50:27.121 | INFO     | main:enterprise_processing_pipeline:89 - ดึงสัญญาณวิดีโอผ่านแพลตฟอร์ม: youtube_0mcizvobBdI
2026-07-01 14:50:27.122 | INFO     | main:enterprise_processing_pipeline:100 - 📺 ระบบตรวจสอบพบสัญญาณลิงก์ YouTube กำลังเปิดใช้งานระบบท่อเปิดกว้างข้ามด่าน PO Token...
2026-07-01 14:50:38.568 | INFO     | main:enterprise_processing_pipeline:138 - กำลังสกัดไฟล์เสียงแท้และป้องกันบั๊กสตรีมว่างของ TikTok: E:/Project_write/WeFool/cache\youtube_0mcizvobBdI.mp3
2026-07-01 14:50:42.214 | INFO     | main:enterprise_processing_pipeline:156 - กำลังเปิดระบบสแกนสัญญาณเสียงและสั่งหั่นก้อนข้อมูลส่งวิเคราะห์...
2026-07-01 14:50:42.214 | INFO     | main:enterprise_processing_pipeline:172 - 🎬 [Standard Video Remux] จัดเรียงโครงสร้างวิดีโอพร้อมซิงค์แกนเวลาถาวร (Timebase Sync)...
2026-07-01 14:52:17.241 | INFO     | main:enterprise_processing_pipeline:232 - ส่งข้อมูลคำพูดจริงเข้าสู่กระบวนการวิเคราะห์ 8 โมดูลหลักยุทธศาสตร์...
2026-07-01 14:52:37.849 | INFO     | main:enterprise_processing_pipeline:329 - 💾 ระบบทำการบันทึกประวัติสำเร็จ รหัสอ้างอิง: youtube_0mcizvobBdI
2026-07-01 14:52:37.850 | INFO     | main:enterprise_processing_pipeline:334 - ✅ สำเร็จเสร็จสิ้น! นำส่งข้อมูลเข้าระบบสำเร็จ
2026-07-01 15:06:57.372 | INFO     | main:handle_analysis_submission:428 - ลงทะเบียนคำขอผ่าน Route รหัสงาน: job_1782893217
2026-07-01 15:06:57.375 | INFO     | main:enterprise_processing_pipeline:58 - เริ่มต้นประมวลผลข้อมูลจริงเชิงลึกสำหรับ Job ID: job_1782893217
2026-07-01 15:06:57.376 | INFO     | main:enterprise_processing_pipeline:89 - ดึงสัญญาณวิดีโอผ่านแพลตฟอร์ม: youtube_o69icswyfvU
2026-07-01 15:06:57.377 | INFO     | main:enterprise_processing_pipeline:100 - 📺 ระบบตรวจสอบพบสัญญาณลิงก์ YouTube กำลังเปิดใช้งานระบบท่อเปิดกว้างข้ามด่าน PO Token...
2026-07-01 15:07:12.103 | INFO     | main:enterprise_processing_pipeline:138 - กำลังสกัดไฟล์เสียงแท้และป้องกันบั๊กสตรีมว่างของ TikTok: E:/Project_write/WeFool/cache\youtube_o69icswyfvU.mp3
2026-07-01 15:07:26.845 | INFO     | main:enterprise_processing_pipeline:156 - กำลังเปิดระบบสแกนสัญญาณเสียงและสั่งหั่นก้อนข้อมูลส่งวิเคราะห์...
2026-07-01 15:07:26.846 | INFO     | main:enterprise_processing_pipeline:172 - 🎬 [Standard Video Remux] จัดเรียงโครงสร้างวิดีโอพร้อมซิงค์แกนเวลาถาวร (Timebase Sync)...
2026-07-01 15:12:07.747 | INFO     | main:enterprise_processing_pipeline:232 - ส่งข้อมูลคำพูดจริงเข้าสู่กระบวนการวิเคราะห์ 8 โมดูลหลักยุทธศาสตร์...
2026-07-01 15:12:29.865 | INFO     | main:enterprise_processing_pipeline:329 - 💾 ระบบทำการบันทึกประวัติสำเร็จ รหัสอ้างอิง: youtube_o69icswyfvU
2026-07-01 15:12:29.866 | INFO     | main:enterprise_processing_pipeline:334 - ✅ สำเร็จเสร็จสิ้น! นำส่งข้อมูลเข้าระบบสำเร็จ
2026-07-01 15:21:30.340 | INFO     | main:handle_analysis_submission:463 - ลงทะเบียนคำขอผ่าน Route รหัสงาน: job_1782894090
2026-07-01 15:21:30.343 | INFO     | main:enterprise_processing_pipeline:58 - เริ่มต้นประมวลผลข้อมูลจริงเชิงลึกสำหรับ Job ID: job_1782894090
2026-07-01 15:21:30.344 | INFO     | main:enterprise_processing_pipeline:89 - ดึงสัญญาณวิดีโอผ่านแพลตฟอร์ม: youtube_iJT5YtCnsXQ
2026-07-01 15:21:30.344 | INFO     | main:enterprise_processing_pipeline:100 - 📺 ระบบตรวจสอบพบสัญญาณลิงก์ YouTube กำลังเปิดใช้งานระบบท่อเปิดกว้างข้ามด่าน PO Token...
2026-07-01 15:21:43.322 | INFO     | main:enterprise_processing_pipeline:138 - กำลังสกัดไฟล์เสียงแท้และป้องกันบั๊กสตรีมว่างของ TikTok: E:/Project_write/WeFool/cache\youtube_iJT5YtCnsXQ.mp3
2026-07-01 15:21:48.811 | INFO     | main:enterprise_processing_pipeline:156 - กำลังเปิดระบบสแกนสัญญาณเสียงและสั่งหั่นก้อนข้อมูลส่งวิเคราะห์...
2026-07-01 15:21:48.811 | INFO     | main:enterprise_processing_pipeline:172 - 🎬 [Standard Video Remux] จัดเรียงโครงสร้างวิดีโอพร้อมซิงค์แกนเวลาถาวร (Timebase Sync)...
2026-07-01 15:23:40.086 | INFO     | main:enterprise_processing_pipeline:232 - ส่งข้อมูลคำพูดจริงเข้าสู่กระบวนการวิเคราะห์ 8 โมดูลหลักยุทธศาสตร์...
2026-07-01 15:24:29.200 | INFO     | main:enterprise_processing_pipeline:364 - 💾 ระบบทำการบันทึกประวัติสำเร็จ รหัสอ้างอิง: youtube_iJT5YtCnsXQ
2026-07-01 15:24:29.201 | INFO     | main:enterprise_processing_pipeline:369 - ✅ สำเร็จเสร็จสิ้น! นำส่งข้อมูลเข้าระบบสำเร็จ
2026-07-01 15:30:21.490 | INFO     | main:handle_analysis_submission:463 - ลงทะเบียนคำขอผ่าน Route รหัสงาน: job_1782894621
2026-07-01 15:30:21.491 | INFO     | main:enterprise_processing_pipeline:58 - เริ่มต้นประมวลผลข้อมูลจริงเชิงลึกสำหรับ Job ID: job_1782894621
2026-07-01 15:30:21.492 | INFO     | main:enterprise_processing_pipeline:89 - ดึงสัญญาณวิดีโอผ่านแพลตฟอร์ม: youtube_Wxugl29zzeo
2026-07-01 15:30:21.492 | INFO     | main:enterprise_processing_pipeline:100 - 📺 ระบบตรวจสอบพบสัญญาณลิงก์ YouTube กำลังเปิดใช้งานระบบท่อเปิดกว้างข้ามด่าน PO Token...
2026-07-01 15:30:34.459 | INFO     | main:enterprise_processing_pipeline:138 - กำลังสกัดไฟล์เสียงแท้และป้องกันบั๊กสตรีมว่างของ TikTok: E:/Project_write/WeFool/cache\youtube_Wxugl29zzeo.mp3
2026-07-01 15:30:40.550 | INFO     | main:enterprise_processing_pipeline:156 - กำลังเปิดระบบสแกนสัญญาณเสียงและสั่งหั่นก้อนข้อมูลส่งวิเคราะห์...
2026-07-01 15:30:40.551 | INFO     | main:enterprise_processing_pipeline:172 - 🎬 [Standard Video Remux] จัดเรียงโครงสร้างวิดีโอพร้อมซิงค์แกนเวลาถาวร (Timebase Sync)...
2026-07-01 15:32:30.428 | INFO     | main:enterprise_processing_pipeline:232 - ส่งข้อมูลคำพูดจริงเข้าสู่กระบวนการวิเคราะห์ 8 โมดูลหลักยุทธศาสตร์...
2026-07-01 15:33:26.858 | INFO     | main:enterprise_processing_pipeline:364 - 💾 ระบบทำการบันทึกประวัติสำเร็จ รหัสอ้างอิง: youtube_Wxugl29zzeo
2026-07-01 15:33:26.858 | INFO     | main:enterprise_processing_pipeline:369 - ✅ สำเร็จเสร็จสิ้น! นำส่งข้อมูลเข้าระบบสำเร็จ
2026-07-01 15:38:38.866 | INFO     | main:handle_analysis_submission:463 - ลงทะเบียนคำขอผ่าน Route รหัสงาน: job_1782895118
2026-07-01 15:38:38.869 | INFO     | main:enterprise_processing_pipeline:58 - เริ่มต้นประมวลผลข้อมูลจริงเชิงลึกสำหรับ Job ID: job_1782895118
2026-07-01 15:38:38.873 | INFO     | main:enterprise_processing_pipeline:89 - ดึงสัญญาณวิดีโอผ่านแพลตฟอร์ม: youtube_7XqhwAPoyS8
2026-07-01 15:38:38.877 | INFO     | main:enterprise_processing_pipeline:100 - 📺 ระบบตรวจสอบพบสัญญาณลิงก์ YouTube กำลังเปิดใช้งานระบบท่อเปิดกว้างข้ามด่าน PO Token...
2026-07-01 15:38:50.844 | INFO     | main:enterprise_processing_pipeline:138 - กำลังสกัดไฟล์เสียงแท้และป้องกันบั๊กสตรีมว่างของ TikTok: E:/Project_write/WeFool/cache\youtube_7XqhwAPoyS8.mp3
2026-07-01 15:38:58.749 | INFO     | main:enterprise_processing_pipeline:156 - กำลังเปิดระบบสแกนสัญญาณเสียงและสั่งหั่นก้อนข้อมูลส่งวิเคราะห์...
2026-07-01 15:38:58.750 | INFO     | main:enterprise_processing_pipeline:172 - 🎬 [Standard Video Remux] จัดเรียงโครงสร้างวิดีโอพร้อมซิงค์แกนเวลาถาวร (Timebase Sync)...
2026-07-01 15:41:01.018 | INFO     | main:enterprise_processing_pipeline:232 - ส่งข้อมูลคำพูดจริงเข้าสู่กระบวนการวิเคราะห์ 8 โมดูลหลักยุทธศาสตร์...
2026-07-01 15:41:34.135 | INFO     | main:enterprise_processing_pipeline:364 - 💾 ระบบทำการบันทึกประวัติสำเร็จ รหัสอ้างอิง: youtube_7XqhwAPoyS8
2026-07-01 15:41:34.136 | INFO     | main:enterprise_processing_pipeline:369 - ✅ สำเร็จเสร็จสิ้น! นำส่งข้อมูลเข้าระบบสำเร็จ
2026-07-01 15:52:48.073 | INFO     | main:handle_analysis_submission:463 - ลงทะเบียนคำขอผ่าน Route รหัสงาน: job_1782895968
2026-07-01 15:52:48.074 | INFO     | main:enterprise_processing_pipeline:58 - เริ่มต้นประมวลผลข้อมูลจริงเชิงลึกสำหรับ Job ID: job_1782895968
2026-07-01 15:52:48.075 | INFO     | main:enterprise_processing_pipeline:89 - ดึงสัญญาณวิดีโอผ่านแพลตฟอร์ม: youtube_YgmnwjuO03E
2026-07-01 15:52:48.076 | INFO     | main:enterprise_processing_pipeline:100 - 📺 ระบบตรวจสอบพบสัญญาณลิงก์ YouTube กำลังเปิดใช้งานระบบท่อเปิดกว้างข้ามด่าน PO Token...
2026-07-01 15:53:00.164 | INFO     | main:enterprise_processing_pipeline:138 - กำลังสกัดไฟล์เสียงแท้และป้องกันบั๊กสตรีมว่างของ TikTok: E:/Project_write/WeFool/cache\youtube_YgmnwjuO03E.mp3
2026-07-01 15:53:07.162 | INFO     | main:enterprise_processing_pipeline:156 - กำลังเปิดระบบสแกนสัญญาณเสียงและสั่งหั่นก้อนข้อมูลส่งวิเคราะห์...
2026-07-01 15:53:07.162 | INFO     | main:enterprise_processing_pipeline:172 - 🎬 [Standard Video Remux] จัดเรียงโครงสร้างวิดีโอพร้อมซิงค์แกนเวลาถาวร (Timebase Sync)...
2026-07-01 15:56:27.974 | INFO     | main:enterprise_processing_pipeline:232 - ส่งข้อมูลคำพูดจริงเข้าสู่กระบวนการวิเคราะห์ 8 โมดูลหลักยุทธศาสตร์...
2026-07-01 15:56:46.950 | INFO     | main:enterprise_processing_pipeline:364 - 💾 ระบบทำการบันทึกประวัติสำเร็จ รหัสอ้างอิง: youtube_YgmnwjuO03E
2026-07-01 15:56:46.950 | INFO     | main:enterprise_processing_pipeline:369 - ✅ สำเร็จเสร็จสิ้น! นำส่งข้อมูลเข้าระบบสำเร็จ
2026-07-01 16:05:29.134 | INFO     | main:handle_analysis_submission:463 - ลงทะเบียนคำขอผ่าน Route รหัสงาน: job_1782896729
2026-07-01 16:05:29.139 | INFO     | main:enterprise_processing_pipeline:58 - เริ่มต้นประมวลผลข้อมูลจริงเชิงลึกสำหรับ Job ID: job_1782896729
2026-07-01 16:05:29.150 | INFO     | main:enterprise_processing_pipeline:89 - ดึงสัญญาณวิดีโอผ่านแพลตฟอร์ม: youtube_bHJrC6CJOyk
2026-07-01 16:05:29.152 | INFO     | main:enterprise_processing_pipeline:100 - 📺 ระบบตรวจสอบพบสัญญาณลิงก์ YouTube กำลังเปิดใช้งานระบบท่อเปิดกว้างข้ามด่าน PO Token...
2026-07-01 16:05:49.864 | INFO     | main:enterprise_processing_pipeline:138 - กำลังสกัดไฟล์เสียงแท้และป้องกันบั๊กสตรีมว่างของ TikTok: E:/Project_write/WeFool/cache\youtube_bHJrC6CJOyk.mp3
2026-07-01 16:05:55.742 | INFO     | main:enterprise_processing_pipeline:156 - กำลังเปิดระบบสแกนสัญญาณเสียงและสั่งหั่นก้อนข้อมูลส่งวิเคราะห์...
2026-07-01 16:05:55.742 | INFO     | main:enterprise_processing_pipeline:172 - 🎬 [Standard Video Remux] จัดเรียงโครงสร้างวิดีโอพร้อมซิงค์แกนเวลาถาวร (Timebase Sync)...
2026-07-01 16:08:12.273 | INFO     | main:enterprise_processing_pipeline:232 - ส่งข้อมูลคำพูดจริงเข้าสู่กระบวนการวิเคราะห์ 8 โมดูลหลักยุทธศาสตร์...
2026-07-01 16:08:42.497 | INFO     | main:enterprise_processing_pipeline:364 - 💾 ระบบทำการบันทึกประวัติสำเร็จ รหัสอ้างอิง: youtube_bHJrC6CJOyk
2026-07-01 16:08:42.498 | INFO     | main:enterprise_processing_pipeline:369 - ✅ สำเร็จเสร็จสิ้น! นำส่งข้อมูลเข้าระบบสำเร็จ
2026-07-01 16:15:50.273 | INFO     | main:handle_analysis_submission:463 - ลงทะเบียนคำขอผ่าน Route รหัสงาน: job_1782897350
2026-07-01 16:15:50.278 | INFO     | main:enterprise_processing_pipeline:58 - เริ่มต้นประมวลผลข้อมูลจริงเชิงลึกสำหรับ Job ID: job_1782897350
2026-07-01 16:15:50.279 | INFO     | main:enterprise_processing_pipeline:89 - ดึงสัญญาณวิดีโอผ่านแพลตฟอร์ม: youtube_mPT9KR6DwpY
2026-07-01 16:15:50.281 | INFO     | main:enterprise_processing_pipeline:100 - 📺 ระบบตรวจสอบพบสัญญาณลิงก์ YouTube กำลังเปิดใช้งานระบบท่อเปิดกว้างข้ามด่าน PO Token...
2026-07-01 16:16:05.110 | INFO     | main:enterprise_processing_pipeline:138 - กำลังสกัดไฟล์เสียงแท้และป้องกันบั๊กสตรีมว่างของ TikTok: E:/Project_write/WeFool/cache\youtube_mPT9KR6DwpY.mp3
2026-07-01 16:16:12.454 | INFO     | main:enterprise_processing_pipeline:156 - กำลังเปิดระบบสแกนสัญญาณเสียงและสั่งหั่นก้อนข้อมูลส่งวิเคราะห์...
2026-07-01 16:16:12.455 | INFO     | main:enterprise_processing_pipeline:172 - 🎬 [Standard Video Remux] จัดเรียงโครงสร้างวิดีโอพร้อมซิงค์แกนเวลาถาวร (Timebase Sync)...
2026-07-01 16:18:27.954 | INFO     | main:enterprise_processing_pipeline:232 - ส่งข้อมูลคำพูดจริงเข้าสู่กระบวนการวิเคราะห์ 8 โมดูลหลักยุทธศาสตร์...
2026-07-01 16:18:48.989 | INFO     | main:enterprise_processing_pipeline:364 - 💾 ระบบทำการบันทึกประวัติสำเร็จ รหัสอ้างอิง: youtube_mPT9KR6DwpY
2026-07-01 16:18:48.990 | INFO     | main:enterprise_processing_pipeline:369 - ✅ สำเร็จเสร็จสิ้น! นำส่งข้อมูลเข้าระบบสำเร็จ
2026-07-01 16:32:48.790 | INFO     | main:handle_analysis_submission:478 - ลงทะเบียนคำขอผ่าน Route รหัสงาน: job_1782898368
2026-07-01 16:32:48.792 | INFO     | main:enterprise_processing_pipeline:58 - เริ่มต้นประมวลผลข้อมูลจริงเชิงลึกสำหรับ Job ID: job_1782898368
2026-07-01 16:32:48.794 | INFO     | main:enterprise_processing_pipeline:89 - ดึงสัญญาณวิดีโอผ่านแพลตฟอร์ม: youtube_VlH6aZorVh4
2026-07-01 16:32:48.795 | INFO     | main:enterprise_processing_pipeline:100 - 📺 ระบบตรวจสอบพบสัญญาณลิงก์ YouTube กำลังเปิดใช้งานระบบท่อเปิดกว้างข้ามด่าน PO Token...
2026-07-01 16:33:02.173 | INFO     | main:enterprise_processing_pipeline:138 - กำลังสกัดไฟล์เสียงแท้และป้องกันบั๊กสตรีมว่างของ TikTok: E:/Project_write/WeFool/cache\youtube_VlH6aZorVh4.mp3
2026-07-01 16:33:07.867 | INFO     | main:enterprise_processing_pipeline:156 - กำลังเปิดระบบสแกนสัญญาณเสียงและสั่งหั่นก้อนข้อมูลส่งวิเคราะห์...
2026-07-01 16:33:07.868 | INFO     | main:enterprise_processing_pipeline:172 - 🎬 [Standard Video Remux] จัดเรียงโครงสร้างวิดีโอพร้อมซิงค์แกนเวลาถาวร (Timebase Sync)...
2026-07-01 16:34:52.146 | INFO     | main:enterprise_processing_pipeline:232 - ส่งข้อมูลคำพูดจริงเข้าสู่กระบวนการวิเคราะห์ 8 โมดูลหลักยุทธศาสตร์...
2026-07-01 16:35:11.078 | INFO     | main:enterprise_processing_pipeline:379 - 💾 ระบบทำการบันทึกประวัติสำเร็จ รหัสอ้างอิง: youtube_VlH6aZorVh4
2026-07-01 16:35:11.078 | INFO     | main:enterprise_processing_pipeline:384 - ✅ สำเร็จเสร็จสิ้น! นำส่งข้อมูลเข้าระบบสำเร็จ
2026-07-01 16:44:31.300 | INFO     | main:handle_analysis_submission:478 - ลงทะเบียนคำขอผ่าน Route รหัสงาน: job_1782899071
2026-07-01 16:44:31.302 | INFO     | main:enterprise_processing_pipeline:58 - เริ่มต้นประมวลผลข้อมูลจริงเชิงลึกสำหรับ Job ID: job_1782899071
2026-07-01 16:44:31.303 | INFO     | main:enterprise_processing_pipeline:89 - ดึงสัญญาณวิดีโอผ่านแพลตฟอร์ม: youtube_CrmBtNX02dQ
2026-07-01 16:44:31.304 | INFO     | main:enterprise_processing_pipeline:100 - 📺 ระบบตรวจสอบพบสัญญาณลิงก์ YouTube กำลังเปิดใช้งานระบบท่อเปิดกว้างข้ามด่าน PO Token...
2026-07-01 16:44:44.313 | INFO     | main:enterprise_processing_pipeline:138 - กำลังสกัดไฟล์เสียงแท้และป้องกันบั๊กสตรีมว่างของ TikTok: E:/Project_write/WeFool/cache\youtube_CrmBtNX02dQ.mp3
2026-07-01 16:44:49.322 | INFO     | main:enterprise_processing_pipeline:156 - กำลังเปิดระบบสแกนสัญญาณเสียงและสั่งหั่นก้อนข้อมูลส่งวิเคราะห์...
2026-07-01 16:44:49.322 | INFO     | main:enterprise_processing_pipeline:172 - 🎬 [Standard Video Remux] จัดเรียงโครงสร้างวิดีโอพร้อมซิงค์แกนเวลาถาวร (Timebase Sync)...
2026-07-01 16:46:22.837 | INFO     | main:enterprise_processing_pipeline:232 - ส่งข้อมูลคำพูดจริงเข้าสู่กระบวนการวิเคราะห์ 8 โมดูลหลักยุทธศาสตร์...
2026-07-01 16:46:40.151 | INFO     | main:enterprise_processing_pipeline:379 - 💾 ระบบทำการบันทึกประวัติสำเร็จ รหัสอ้างอิง: youtube_CrmBtNX02dQ
2026-07-01 16:46:40.152 | INFO     | main:enterprise_processing_pipeline:384 - ✅ สำเร็จเสร็จสิ้น! นำส่งข้อมูลเข้าระบบสำเร็จ
2026-07-02 17:17:00.799 | INFO     | main:handle_analysis_submission:491 - ลงทะเบียนคำขอผ่าน Route รหัสงาน: job_1782987420
2026-07-02 17:17:00.801 | INFO     | main:enterprise_processing_pipeline:58 - เริ่มต้นประมวลผลข้อมูลจริงเชิงลึกสำหรับ Job ID: job_1782987420
2026-07-02 17:17:00.802 | INFO     | main:enterprise_processing_pipeline:89 - ดึงสัญญาณวิดีโอผ่านแพลตฟอร์ม: youtube_bklF-kLlZFU
2026-07-02 17:17:00.804 | INFO     | main:enterprise_processing_pipeline:100 - 📺 ระบบตรวจสอบพบสัญญาณลิงก์ YouTube กำลังเปิดใช้งานระบบท่อเปิดกว้างข้ามด่าน PO Token...
2026-07-02 17:17:43.155 | INFO     | main:enterprise_processing_pipeline:138 - กำลังสกัดไฟล์เสียงแท้และป้องกันบั๊กสตรีมว่างของ TikTok: E:/Project_write/WeFool/cache\youtube_bklF-kLlZFU.mp3
2026-07-02 17:17:58.607 | INFO     | main:enterprise_processing_pipeline:156 - กำลังเปิดระบบสแกนสัญญาณเสียงและสั่งหั่นก้อนข้อมูลส่งวิเคราะห์...
2026-07-02 17:17:58.608 | INFO     | main:enterprise_processing_pipeline:172 - 🎬 [Standard Video Remux] จัดเรียงโครงสร้างวิดีโอพร้อมซิงค์แกนเวลาถาวร (Timebase Sync)...
2026-07-02 17:25:30.667 | INFO     | main:enterprise_processing_pipeline:232 - ส่งข้อมูลคำพูดจริงเข้าสู่กระบวนการวิเคราะห์ 8 โมดูลหลักยุทธศาสตร์...
2026-07-02 17:25:54.186 | INFO     | main:enterprise_processing_pipeline:392 - 💾 ระบบทำการบันทึกประวัติสำเร็จ รหัสอ้างอิง: youtube_bklF-kLlZFU
2026-07-02 17:25:54.187 | INFO     | main:enterprise_processing_pipeline:397 - ✅ สำเร็จเสร็จสิ้น! นำส่งข้อมูลเข้าระบบสำเร็จ
2026-07-06 08:30:12.939 | INFO     | main:handle_analysis_submission:502 - ลงทะเบียนคำขอผ่าน Route รหัสงาน: job_1783301412
2026-07-06 08:30:12.941 | INFO     | main:enterprise_processing_pipeline:58 - เริ่มต้นประมวลผลข้อมูลจริงเชิงลึกสำหรับ Job ID: job_1783301412
2026-07-06 08:30:12.943 | INFO     | main:enterprise_processing_pipeline:89 - ดึงสัญญาณวิดีโอผ่านแพลตฟอร์ม: tiktok_7593323581883387157
2026-07-06 08:30:12.944 | INFO     | main:enterprise_processing_pipeline:95 - 📱 ระบบตรวจสอบพบสัญญาณลิงก์ TikTok กำลังสลับไปใช้ท่อดาวน์โหลดสากลมาตรฐาน...
2026-07-06 08:30:26.639 | INFO     | main:enterprise_processing_pipeline:138 - กำลังสกัดไฟล์เสียงแท้และป้องกันบั๊กสตรีมว่างของ TikTok: E:/Project_write/WeFool/cache\tiktok_7593323581883387157.mp3
2026-07-06 08:30:29.874 | INFO     | main:enterprise_processing_pipeline:156 - กำลังเปิดระบบสแกนสัญญาณเสียงและสั่งหั่นก้อนข้อมูลส่งวิเคราะห์...
2026-07-06 08:30:29.874 | INFO     | main:enterprise_processing_pipeline:164 - 🎬 [TikTok Video Remux] บังคับแปลงรหัสภาพใหม่เป็น H.264 (libx264) สปีดเร่งด่วนเพื่อแก้ปัญหาจอดำ...
2026-07-06 08:31:52.719 | INFO     | main:enterprise_processing_pipeline:232 - ส่งข้อมูลคำพูดจริงเข้าสู่กระบวนการวิเคราะห์ 8 โมดูลหลักยุทธศาสตร์...
2026-07-06 08:32:29.476 | INFO     | main:enterprise_processing_pipeline:393 - 💾 ระบบทำการบันทึกประวัติสำเร็จ รหัสอ้างอิง: tiktok_7593323581883387157
2026-07-06 08:32:29.477 | INFO     | main:enterprise_processing_pipeline:398 - ✅ สำเร็จเสร็จสิ้น! นำส่งข้อมูลเข้าระบบสำเร็จ
2026-07-06 09:36:10.104 | INFO     | main:handle_analysis_submission:551 - ลงทะเบียนคำขอผ่าน Route รหัสงาน: job_1783305370
2026-07-06 09:36:10.108 | INFO     | main:enterprise_processing_pipeline:93 - เริ่มต้นประมวลผลข้อมูลจริงเชิงลึกสำหรับ Job ID: job_1783305370
2026-07-06 09:36:10.109 | INFO     | main:enterprise_processing_pipeline:124 - ดึงสัญญาณวิดีโอผ่านแพลตฟอร์ม: tiktok_7658522058023767304
2026-07-06 09:36:10.110 | INFO     | main:enterprise_processing_pipeline:130 - 📱 ระบบตรวจสอบพบสัญญาณลิงก์ TikTok กำลังสลับไปใช้ท่อดาวน์โหลดสากลมาตรฐาน...
2026-07-06 09:36:21.373 | INFO     | main:enterprise_processing_pipeline:173 - กำลังสกัดไฟล์เสียงแท้และป้องกันบั๊กสตรีมว่างของ TikTok: E:/Project_write/WeFool/cache\tiktok_7658522058023767304.mp3
2026-07-06 09:36:22.573 | WARNING  | main:enterprise_processing_pipeline:179 - ⚠️ ไม่พบท่อเสียงตรงๆ กำลังใช้คำสั่งกู้คืนช่องสัญญาณ...
2026-07-06 09:36:23.556 | ERROR    | main:enterprise_processing_pipeline:184 - 🚨 สัญญาณเสียงหายเด็ดขาด กำลังเปิดใช้งานระบบสร้างเลเยอร์เสียงจำลอง...
2026-07-06 09:42:42.113 | ERROR    | main:enterprise_processing_pipeline:450 - ❌ เกิดข้อผิดพลาดในระบบวิเคราะห์ข้อมูลจริง job_1783305370: Command 'ffmpeg -y -i "E:/Project_write/WeFool/cache\tiktok_7658522058023767304.mp4" -f lavfi -i anullsrc=channel_layout=stereo:sample_rate=44100 -c:v copy -c:a libmp3lame -q:a 2 -shortest -vn "E:/Project_write/WeFool/cache\tiktok_7658522058023767304.mp3"' returned non-zero exit status 255.
2026-07-06 09:43:26.406 | INFO     | main:handle_analysis_submission:551 - ลงทะเบียนคำขอผ่าน Route รหัสงาน: job_1783305806
2026-07-06 09:43:27.550 | INFO     | main:enterprise_processing_pipeline:93 - เริ่มต้นประมวลผลข้อมูลจริงเชิงลึกสำหรับ Job ID: job_1783305806
2026-07-06 09:43:28.557 | INFO     | main:enterprise_processing_pipeline:173 - กำลังสกัดไฟล์เสียงแท้และป้องกันบั๊กสตรีมว่างของ TikTok: E:/Project_write/WeFool/cache\local_sha256_b6b23a01eff1f1af.mp3
2026-07-06 09:43:33.088 | INFO     | main:enterprise_processing_pipeline:191 - กำลังเปิดระบบสแกนสัญญาณเสียงและสั่งหั่นก้อนข้อมูลส่งวิเคราะห์...
2026-07-06 09:43:33.089 | INFO     | main:enterprise_processing_pipeline:207 - 🎬 [Standard Video Remux] จัดเรียงโครงสร้างวิดีโอพร้อมซิงค์แกนเวลาถาวร (Timebase Sync)...
2026-07-06 09:45:29.075 | INFO     | main:enterprise_processing_pipeline:267 - ส่งข้อมูลคำพูดจริงเข้าสู่กระบวนการวิเคราะห์ 8 โมดูลหลักยุทธศาสตร์...
2026-07-06 09:46:11.938 | INFO     | main:fetch_related_videos:59 - 🔍 เริ่มต้นค้นหาสื่อวิดีโออ้างอิงและแนะนำระดับยุทธศาสตร์จาก YouTube ด้วยคำค้นหา: AI Portfolio
2026-07-06 09:46:19.159 | INFO     | main:enterprise_processing_pipeline:442 - 💾 ระบบทำการบันทึกประวัติสำเร็จ รหัสอ้างอิง: local_sha256_b6b23a01eff1f1af
2026-07-06 09:46:19.161 | INFO     | main:enterprise_processing_pipeline:447 - ✅ สำเร็จเสร็จสิ้น! นำส่งข้อมูลเข้าระบบสำเร็จ
2026-07-06 09:50:58.823 | INFO     | main:handle_analysis_submission:551 - ลงทะเบียนคำขอผ่าน Route รหัสงาน: job_1783306258
2026-07-06 09:50:58.825 | INFO     | main:enterprise_processing_pipeline:93 - เริ่มต้นประมวลผลข้อมูลจริงเชิงลึกสำหรับ Job ID: job_1783306258
2026-07-06 09:50:58.827 | INFO     | main:enterprise_processing_pipeline:124 - ดึงสัญญาณวิดีโอผ่านแพลตฟอร์ม: youtube_5DaNemUjC8c
2026-07-06 09:50:58.833 | INFO     | main:enterprise_processing_pipeline:135 - 📺 ระบบตรวจสอบพบสัญญาณลิงก์ YouTube กำลังเปิดใช้งานระบบท่อเปิดกว้างข้ามด่าน PO Token...
2026-07-06 09:51:13.933 | INFO     | main:enterprise_processing_pipeline:173 - กำลังสกัดไฟล์เสียงแท้และป้องกันบั๊กสตรีมว่างของ TikTok: E:/Project_write/WeFool/cache\youtube_5DaNemUjC8c.mp3
2026-07-06 09:51:24.916 | INFO     | main:enterprise_processing_pipeline:191 - กำลังเปิดระบบสแกนสัญญาณเสียงและสั่งหั่นก้อนข้อมูลส่งวิเคราะห์...
2026-07-06 09:51:24.917 | INFO     | main:enterprise_processing_pipeline:207 - 🎬 [Standard Video Remux] จัดเรียงโครงสร้างวิดีโอพร้อมซิงค์แกนเวลาถาวร (Timebase Sync)...
2026-07-06 09:56:00.146 | INFO     | main:enterprise_processing_pipeline:267 - ส่งข้อมูลคำพูดจริงเข้าสู่กระบวนการวิเคราะห์ 8 โมดูลหลักยุทธศาสตร์...
2026-07-06 09:57:55.709 | INFO     | main:fetch_related_videos:59 - 🔍 เริ่มต้นค้นหาสื่อวิดีโออ้างอิงและแนะนำระดับยุทธศาสตร์จาก YouTube ด้วยคำค้นหา: หมูป่าบาบีรูซ่า เขี้ยว
2026-07-06 09:58:02.908 | INFO     | main:enterprise_processing_pipeline:442 - 💾 ระบบทำการบันทึกประวัติสำเร็จ รหัสอ้างอิง: youtube_5DaNemUjC8c
2026-07-06 09:58:02.909 | INFO     | main:enterprise_processing_pipeline:447 - ✅ สำเร็จเสร็จสิ้น! นำส่งข้อมูลเข้าระบบสำเร็จ
2026-07-06 10:15:26.650 | INFO     | main:handle_analysis_submission:551 - ลงทะเบียนคำขอผ่าน Route รหัสงาน: job_1783307726
2026-07-06 10:15:26.660 | INFO     | main:enterprise_processing_pipeline:93 - เริ่มต้นประมวลผลข้อมูลจริงเชิงลึกสำหรับ Job ID: job_1783307726
2026-07-06 10:15:26.661 | INFO     | main:enterprise_processing_pipeline:124 - ดึงสัญญาณวิดีโอผ่านแพลตฟอร์ม: youtube_zlTtVGplgGA
2026-07-06 10:15:26.662 | INFO     | main:enterprise_processing_pipeline:135 - 📺 ระบบตรวจสอบพบสัญญาณลิงก์ YouTube กำลังเปิดใช้งานระบบท่อเปิดกว้างข้ามด่าน PO Token...
2026-07-06 10:15:38.897 | INFO     | main:enterprise_processing_pipeline:173 - กำลังสกัดไฟล์เสียงแท้และป้องกันบั๊กสตรีมว่างของ TikTok: E:/Project_write/WeFool/cache\youtube_zlTtVGplgGA.mp3
2026-07-06 10:15:46.917 | INFO     | main:enterprise_processing_pipeline:191 - กำลังเปิดระบบสแกนสัญญาณเสียงและสั่งหั่นก้อนข้อมูลส่งวิเคราะห์...
2026-07-06 10:15:46.918 | INFO     | main:enterprise_processing_pipeline:207 - 🎬 [Standard Video Remux] จัดเรียงโครงสร้างวิดีโอพร้อมซิงค์แกนเวลาถาวร (Timebase Sync)...
2026-07-06 10:24:18.676 | INFO     | main:enterprise_processing_pipeline:267 - ส่งข้อมูลคำพูดจริงเข้าสู่กระบวนการวิเคราะห์ 8 โมดูลหลักยุทธศาสตร์...
2026-07-06 10:26:37.890 | INFO     | main:handle_analysis_submission:551 - ลงทะเบียนคำขอผ่าน Route รหัสงาน: job_1783308397
2026-07-06 10:26:37.893 | INFO     | main:enterprise_processing_pipeline:93 - เริ่มต้นประมวลผลข้อมูลจริงเชิงลึกสำหรับ Job ID: job_1783308397
2026-07-06 10:26:37.898 | INFO     | main:enterprise_processing_pipeline:124 - ดึงสัญญาณวิดีโอผ่านแพลตฟอร์ม: youtube_DUfnaQ8QFrg
2026-07-06 10:26:37.901 | INFO     | main:enterprise_processing_pipeline:135 - 📺 ระบบตรวจสอบพบสัญญาณลิงก์ YouTube กำลังเปิดใช้งานระบบท่อเปิดกว้างข้ามด่าน PO Token...
2026-07-06 10:26:54.958 | INFO     | main:enterprise_processing_pipeline:173 - กำลังสกัดไฟล์เสียงแท้และป้องกันบั๊กสตรีมว่างของ TikTok: E:/Project_write/WeFool/cache\youtube_DUfnaQ8QFrg.mp3
2026-07-06 10:27:07.356 | INFO     | main:enterprise_processing_pipeline:191 - กำลังเปิดระบบสแกนสัญญาณเสียงและสั่งหั่นก้อนข้อมูลส่งวิเคราะห์...
2026-07-06 10:27:07.357 | INFO     | main:enterprise_processing_pipeline:207 - 🎬 [Standard Video Remux] จัดเรียงโครงสร้างวิดีโอพร้อมซิงค์แกนเวลาถาวร (Timebase Sync)...
2026-07-06 10:31:16.513 | INFO     | main:enterprise_processing_pipeline:267 - ส่งข้อมูลคำพูดจริงเข้าสู่กระบวนการวิเคราะห์ 8 โมดูลหลักยุทธศาสตร์...
2026-07-06 10:32:43.753 | INFO     | main:fetch_related_videos:59 - 🔍 เริ่มต้นค้นหาสื่อวิดีโออ้างอิงและแนะนำระดับยุทธศาสตร์จาก YouTube ด้วยคำค้นหา: สวนสนุก แฮปปี้แลนด์
2026-07-06 10:32:50.431 | INFO     | main:enterprise_processing_pipeline:442 - 💾 ระบบทำการบันทึกประวัติสำเร็จ รหัสอ้างอิง: youtube_DUfnaQ8QFrg
2026-07-06 10:32:50.431 | INFO     | main:enterprise_processing_pipeline:447 - ✅ สำเร็จเสร็จสิ้น! นำส่งข้อมูลเข้าระบบสำเร็จ
2026-07-06 11:21:35.942 | INFO     | main:handle_analysis_submission:552 - ลงทะเบียนคำขอผ่าน Route รหัสงาน: job_1783311695
2026-07-06 11:21:35.948 | INFO     | main:enterprise_processing_pipeline:94 - เริ่มต้นประมวลผลข้อมูลจริงเชิงลึกสำหรับ Job ID: job_1783311695
2026-07-06 11:21:35.951 | INFO     | main:enterprise_processing_pipeline:125 - ดึงสัญญาณวิดีโอผ่านแพลตฟอร์ม: youtube_5Zj12W0tVdE
2026-07-06 11:21:35.952 | INFO     | main:enterprise_processing_pipeline:136 - 📺 ระบบตรวจสอบพบสัญญาณลิงก์ YouTube กำลังเปิดใช้งานระบบท่อเปิดกว้างข้ามด่าน PO Token...
2026-07-06 11:21:51.271 | INFO     | main:enterprise_processing_pipeline:174 - กำลังสกัดไฟล์เสียงแท้และป้องกันบั๊กสตรีมว่างของ TikTok: E:/Project_write/WeFool/cache\youtube_5Zj12W0tVdE.mp3
2026-07-06 11:22:00.983 | INFO     | main:enterprise_processing_pipeline:192 - กำลังเปิดระบบสแกนสัญญาณเสียงและสั่งหั่นก้อนข้อมูลส่งวิเคราะห์...
2026-07-06 11:22:00.984 | INFO     | main:enterprise_processing_pipeline:208 - 🎬 [Standard Video Remux] จัดเรียงโครงสร้างวิดีโอพร้อมซิงค์แกนเวลาถาวร (Timebase Sync)...
2026-07-06 11:24:39.911 | INFO     | main:enterprise_processing_pipeline:268 - ส่งข้อมูลคำพูดจริงเข้าสู่กระบวนการวิเคราะห์ 8 โมดูลหลักยุทธศาสตร์...
2026-07-06 11:24:53.788 | INFO     | main:fetch_related_videos:60 - 🔍 เริ่มต้นค้นหาสื่อวิดีโออ้างอิงและแนะนำระดับยุทธศาสตร์จาก YouTube ด้วยคำค้นหา: สงคราม อนุสัญญาเจนีวา
2026-07-06 11:25:00.627 | INFO     | main:enterprise_processing_pipeline:443 - 💾 ระบบทำการบันทึกประวัติสำเร็จ รหัสอ้างอิง: youtube_5Zj12W0tVdE
2026-07-06 11:25:00.628 | INFO     | main:enterprise_processing_pipeline:448 - ✅ สำเร็จเสร็จสิ้น! นำส่งข้อมูลเข้าระบบสำเร็จ
2026-07-06 11:26:57.015 | INFO     | main:download_pdf_report:658 - 🎯 ลงทะเบียนฟอนต์ภาษาไทย Tahoma บน Windows สำเร็จเรียบร้อยสำหรับ PDF
2026-07-06 11:26:57.016 | ERROR    | main:download_pdf_report:837 - เกิดข้อผิดพลาดในการสร้างรายงาน PDF: name 'SimpleDocTemplate' is not defined
2026-07-06 12:39:12.148 | INFO     | main:handle_analysis_submission:552 - ลงทะเบียนคำขอผ่าน Route รหัสงาน: job_1783316352
2026-07-06 12:39:12.150 | INFO     | main:enterprise_processing_pipeline:94 - เริ่มต้นประมวลผลข้อมูลจริงเชิงลึกสำหรับ Job ID: job_1783316352
2026-07-06 12:39:12.150 | INFO     | main:enterprise_processing_pipeline:125 - ดึงสัญญาณวิดีโอผ่านแพลตฟอร์ม: youtube_cyPjq7T_GpE
2026-07-06 12:39:12.151 | INFO     | main:enterprise_processing_pipeline:136 - 📺 ระบบตรวจสอบพบสัญญาณลิงก์ YouTube กำลังเปิดใช้งานระบบท่อเปิดกว้างข้ามด่าน PO Token...
2026-07-06 12:39:23.750 | INFO     | main:enterprise_processing_pipeline:174 - กำลังสกัดไฟล์เสียงแท้และป้องกันบั๊กสตรีมว่างของ TikTok: E:/Project_write/WeFool/cache\youtube_cyPjq7T_GpE.mp3
2026-07-06 12:39:36.312 | INFO     | main:enterprise_processing_pipeline:192 - กำลังเปิดระบบสแกนสัญญาณเสียงและสั่งหั่นก้อนข้อมูลส่งวิเคราะห์...
2026-07-06 12:39:36.313 | INFO     | main:enterprise_processing_pipeline:208 - 🎬 [Standard Video Remux] จัดเรียงโครงสร้างวิดีโอพร้อมซิงค์แกนเวลาถาวร (Timebase Sync)...
2026-07-06 12:44:09.325 | INFO     | main:enterprise_processing_pipeline:268 - ส่งข้อมูลคำพูดจริงเข้าสู่กระบวนการวิเคราะห์ 8 โมดูลหลักยุทธศาสตร์...
2026-07-06 12:44:33.544 | INFO     | main:fetch_related_videos:60 - 🔍 เริ่มต้นค้นหาสื่อวิดีโออ้างอิงและแนะนำระดับยุทธศาสตร์จาก YouTube ด้วยคำค้นหา: โรงเรียน เพื่อน
2026-07-06 12:44:38.947 | INFO     | main:enterprise_processing_pipeline:443 - 💾 ระบบทำการบันทึกประวัติสำเร็จ รหัสอ้างอิง: youtube_cyPjq7T_GpE
2026-07-06 12:44:38.947 | INFO     | main:enterprise_processing_pipeline:448 - ✅ สำเร็จเสร็จสิ้น! นำส่งข้อมูลเข้าระบบสำเร็จ
2026-07-06 12:47:21.775 | INFO     | main:download_pdf_report:658 - 🎯 ลงทะเบียนฟอนต์ภาษาไทย Tahoma บน Windows สำเร็จเรียบร้อยสำหรับ PDF
2026-07-06 12:47:21.776 | ERROR    | main:download_pdf_report:837 - เกิดข้อผิดพลาดในการสร้างรายงาน PDF: name 'SimpleDocTemplate' is not defined
2026-07-06 12:52:46.300 | INFO     | main:handle_analysis_submission:552 - ลงทะเบียนคำขอผ่าน Route รหัสงาน: job_1783317166
2026-07-06 12:52:46.301 | INFO     | main:enterprise_processing_pipeline:94 - เริ่มต้นประมวลผลข้อมูลจริงเชิงลึกสำหรับ Job ID: job_1783317166
2026-07-06 12:52:46.303 | INFO     | main:enterprise_processing_pipeline:125 - ดึงสัญญาณวิดีโอผ่านแพลตฟอร์ม: youtube_P5FEnGLEjtY
2026-07-06 12:52:46.303 | INFO     | main:enterprise_processing_pipeline:136 - 📺 ระบบตรวจสอบพบสัญญาณลิงก์ YouTube กำลังเปิดใช้งานระบบท่อเปิดกว้างข้ามด่าน PO Token...
2026-07-06 12:53:00.543 | INFO     | main:enterprise_processing_pipeline:174 - กำลังสกัดไฟล์เสียงแท้และป้องกันบั๊กสตรีมว่างของ TikTok: E:/Project_write/WeFool/cache\youtube_P5FEnGLEjtY.mp3
2026-07-06 12:53:14.882 | INFO     | main:enterprise_processing_pipeline:192 - กำลังเปิดระบบสแกนสัญญาณเสียงและสั่งหั่นก้อนข้อมูลส่งวิเคราะห์...
2026-07-06 12:53:14.883 | INFO     | main:enterprise_processing_pipeline:208 - 🎬 [Standard Video Remux] จัดเรียงโครงสร้างวิดีโอพร้อมซิงค์แกนเวลาถาวร (Timebase Sync)...
2026-07-06 13:00:00.668 | INFO     | main:enterprise_processing_pipeline:268 - ส่งข้อมูลคำพูดจริงเข้าสู่กระบวนการวิเคราะห์ 8 โมดูลหลักยุทธศาสตร์...
2026-07-06 13:00:38.233 | INFO     | main:fetch_related_videos:60 - 🔍 เริ่มต้นค้นหาสื่อวิดีโออ้างอิงและแนะนำระดับยุทธศาสตร์จาก YouTube ด้วยคำค้นหา: ติดเกม นอน
2026-07-06 13:00:44.215 | INFO     | main:enterprise_processing_pipeline:443 - 💾 ระบบทำการบันทึกประวัติสำเร็จ รหัสอ้างอิง: youtube_P5FEnGLEjtY
2026-07-06 13:00:44.216 | INFO     | main:enterprise_processing_pipeline:448 - ✅ สำเร็จเสร็จสิ้น! นำส่งข้อมูลเข้าระบบสำเร็จ
2026-07-06 13:26:16.424 | INFO     | main:handle_analysis_submission:552 - ลงทะเบียนคำขอผ่าน Route รหัสงาน: job_1783319176
2026-07-06 13:26:16.426 | INFO     | main:enterprise_processing_pipeline:94 - เริ่มต้นประมวลผลข้อมูลจริงเชิงลึกสำหรับ Job ID: job_1783319176
2026-07-06 13:26:16.426 | INFO     | main:enterprise_processing_pipeline:125 - ดึงสัญญาณวิดีโอผ่านแพลตฟอร์ม: youtube_kVKDcwwd5gc
2026-07-06 13:26:16.427 | INFO     | main:enterprise_processing_pipeline:136 - 📺 ระบบตรวจสอบพบสัญญาณลิงก์ YouTube กำลังเปิดใช้งานระบบท่อเปิดกว้างข้ามด่าน PO Token...
2026-07-06 13:26:31.916 | INFO     | main:enterprise_processing_pipeline:174 - กำลังสกัดไฟล์เสียงแท้และป้องกันบั๊กสตรีมว่างของ TikTok: E:/Project_write/WeFool/cache\youtube_kVKDcwwd5gc.mp3
2026-07-06 13:26:45.563 | INFO     | main:enterprise_processing_pipeline:192 - กำลังเปิดระบบสแกนสัญญาณเสียงและสั่งหั่นก้อนข้อมูลส่งวิเคราะห์...
2026-07-06 13:26:45.563 | INFO     | main:enterprise_processing_pipeline:208 - 🎬 [Standard Video Remux] จัดเรียงโครงสร้างวิดีโอพร้อมซิงค์แกนเวลาถาวร (Timebase Sync)...
2026-07-06 13:33:58.557 | INFO     | main:enterprise_processing_pipeline:268 - ส่งข้อมูลคำพูดจริงเข้าสู่กระบวนการวิเคราะห์ 8 โมดูลหลักยุทธศาสตร์...
2026-07-06 13:36:00.271 | INFO     | main:fetch_related_videos:60 - 🔍 เริ่มต้นค้นหาสื่อวิดีโออ้างอิงและแนะนำระดับยุทธศาสตร์จาก YouTube ด้วยคำค้นหา: สำรวจ NASA
2026-07-06 13:36:05.664 | INFO     | main:enterprise_processing_pipeline:443 - 💾 ระบบทำการบันทึกประวัติสำเร็จ รหัสอ้างอิง: youtube_kVKDcwwd5gc
2026-07-06 13:36:05.664 | INFO     | main:enterprise_processing_pipeline:448 - ✅ สำเร็จเสร็จสิ้น! นำส่งข้อมูลเข้าระบบสำเร็จ
2026-07-06 13:48:41.554 | INFO     | main:download_pdf_report:662 - 🎯 ลงทะเบียนฟอนต์ภาษาไทย Tahoma บน Windows สำเร็จเรียบร้อยสำหรับ PDF
2026-07-06 15:45:17.443 | INFO     | main:handle_analysis_submission:552 - ลงทะเบียนคำขอผ่าน Route รหัสงาน: job_1783327517
2026-07-06 15:45:17.456 | INFO     | main:enterprise_processing_pipeline:94 - เริ่มต้นประมวลผลข้อมูลจริงเชิงลึกสำหรับ Job ID: job_1783327517
2026-07-06 15:45:17.457 | INFO     | main:enterprise_processing_pipeline:125 - ดึงสัญญาณวิดีโอผ่านแพลตฟอร์ม: youtube_llOSyVALcvY
2026-07-06 15:45:17.459 | INFO     | main:enterprise_processing_pipeline:136 - 📺 ระบบตรวจสอบพบสัญญาณลิงก์ YouTube กำลังเปิดใช้งานระบบท่อเปิดกว้างข้ามด่าน PO Token...
2026-07-06 15:45:26.763 | ERROR    | main:enterprise_processing_pipeline:451 - ❌ เกิดข้อผิดพลาดในระบบวิเคราะห์ข้อมูลจริง job_1783327517: Command 'yt-dlp -f "bestvideo+bestaudio/best" --merge-output-format mp4 --ffmpeg-location "E:\WeFool" "https://youtu.be/llOSyVALcvY?si=UGCGMSvbtSM3_Ymz" -o "E:/Project_write/WeFool/cache\youtube_llOSyVALcvY.mp4"' returned non-zero exit status 1.
2026-07-06 15:52:24.264 | INFO     | main:handle_analysis_submission:552 - ลงทะเบียนคำขอผ่าน Route รหัสงาน: job_1783327944
2026-07-06 15:52:24.266 | INFO     | main:enterprise_processing_pipeline:94 - เริ่มต้นประมวลผลข้อมูลจริงเชิงลึกสำหรับ Job ID: job_1783327944
2026-07-06 15:52:24.267 | INFO     | main:enterprise_processing_pipeline:125 - ดึงสัญญาณวิดีโอผ่านแพลตฟอร์ม: youtube_lKor2c6-kqk
2026-07-06 15:52:24.268 | INFO     | main:enterprise_processing_pipeline:136 - 📺 ระบบตรวจสอบพบสัญญาณลิงก์ YouTube กำลังเปิดใช้งานระบบท่อเปิดกว้างข้ามด่าน PO Token...
2026-07-06 15:52:33.174 | ERROR    | main:enterprise_processing_pipeline:451 - ❌ เกิดข้อผิดพลาดในระบบวิเคราะห์ข้อมูลจริง job_1783327944: Command 'yt-dlp -f "bestvideo+bestaudio/best" --merge-output-format mp4 --ffmpeg-location "E:\WeFool" "https://youtu.be/lKor2c6-kqk?si=OelldpEF4s7QT1Cu" -o "E:/Project_write/WeFool/cache\youtube_lKor2c6-kqk.mp4"' returned non-zero exit status 1.
2026-07-06 16:15:40.708 | INFO     | main:handle_analysis_submission:552 - ลงทะเบียนคำขอผ่าน Route รหัสงาน: job_1783329340
2026-07-06 16:15:40.712 | INFO     | main:enterprise_processing_pipeline:94 - เริ่มต้นประมวลผลข้อมูลจริงเชิงลึกสำหรับ Job ID: job_1783329340
2026-07-06 16:15:40.714 | INFO     | main:enterprise_processing_pipeline:125 - ดึงสัญญาณวิดีโอผ่านแพลตฟอร์ม: youtube_9A6TLgaFboo
2026-07-06 16:15:40.715 | INFO     | main:enterprise_processing_pipeline:136 - 📺 ระบบตรวจสอบพบสัญญาณลิงก์ YouTube กำลังเปิดใช้งานระบบท่อเปิดกว้างข้ามด่าน PO Token...
2026-07-06 16:15:58.127 | INFO     | main:enterprise_processing_pipeline:174 - กำลังสกัดไฟล์เสียงแท้และป้องกันบั๊กสตรีมว่างของ TikTok: E:/Project_write/WeFool/cache\youtube_9A6TLgaFboo.mp3
2026-07-06 16:16:12.980 | INFO     | main:enterprise_processing_pipeline:192 - กำลังเปิดระบบสแกนสัญญาณเสียงและสั่งหั่นก้อนข้อมูลส่งวิเคราะห์...
2026-07-06 16:16:12.980 | INFO     | main:enterprise_processing_pipeline:208 - 🎬 [Standard Video Remux] จัดเรียงโครงสร้างวิดีโอพร้อมซิงค์แกนเวลาถาวร (Timebase Sync)...
2026-07-06 16:21:27.138 | INFO     | main:enterprise_processing_pipeline:268 - ส่งข้อมูลคำพูดจริงเข้าสู่กระบวนการวิเคราะห์ 8 โมดูลหลักยุทธศาสตร์...
2026-07-06 16:23:06.731 | INFO     | main:fetch_related_videos:60 - 🔍 เริ่มต้นค้นหาสื่อวิดีโออ้างอิงและแนะนำระดับยุทธศาสตร์จาก YouTube ด้วยคำค้นหา: Z20 Black Hawk
2026-07-06 16:23:17.005 | INFO     | main:enterprise_processing_pipeline:443 - 💾 ระบบทำการบันทึกประวัติสำเร็จ รหัสอ้างอิง: youtube_9A6TLgaFboo
2026-07-06 16:23:17.006 | INFO     | main:enterprise_processing_pipeline:448 - ✅ สำเร็จเสร็จสิ้น! นำส่งข้อมูลเข้าระบบสำเร็จ
2026-07-06 16:24:51.459 | INFO     | main:download_pdf_report:662 - 🎯 ลงทะเบียนฟอนต์ภาษาไทย Tahoma บน Windows สำเร็จเรียบร้อยสำหรับ PDF
2026-07-06 22:10:33.308 | INFO     | main:handle_analysis_submission:552 - ลงทะเบียนคำขอผ่าน Route รหัสงาน: job_1783350633
2026-07-06 22:10:33.318 | INFO     | main:enterprise_processing_pipeline:94 - เริ่มต้นประมวลผลข้อมูลจริงเชิงลึกสำหรับ Job ID: job_1783350633
2026-07-06 22:10:33.319 | INFO     | main:enterprise_processing_pipeline:125 - ดึงสัญญาณวิดีโอผ่านแพลตฟอร์ม: youtube_NTnTdQ53Ygs
2026-07-06 22:10:33.319 | INFO     | main:enterprise_processing_pipeline:136 - 📺 ระบบตรวจสอบพบสัญญาณลิงก์ YouTube กำลังเปิดใช้งานระบบท่อเปิดกว้างข้ามด่าน PO Token...
2026-07-06 22:13:52.689 | INFO     | main:enterprise_processing_pipeline:174 - กำลังสกัดไฟล์เสียงแท้และป้องกันบั๊กสตรีมว่างของ TikTok: E:/Project_write/WeFool/cache\youtube_NTnTdQ53Ygs.mp3
2026-07-06 22:14:11.991 | INFO     | main:enterprise_processing_pipeline:192 - กำลังเปิดระบบสแกนสัญญาณเสียงและสั่งหั่นก้อนข้อมูลส่งวิเคราะห์...
2026-07-06 22:14:11.992 | INFO     | main:enterprise_processing_pipeline:208 - 🎬 [Standard Video Remux] จัดเรียงโครงสร้างวิดีโอพร้อมซิงค์แกนเวลาถาวร (Timebase Sync)...
2026-07-06 22:22:54.900 | INFO     | main:enterprise_processing_pipeline:268 - ส่งข้อมูลคำพูดจริงเข้าสู่กระบวนการวิเคราะห์ 8 โมดูลหลักยุทธศาสตร์...
2026-07-06 22:23:52.709 | INFO     | main:fetch_related_videos:60 - 🔍 เริ่มต้นค้นหาสื่อวิดีโออ้างอิงและแนะนำระดับยุทธศาสตร์จาก YouTube ด้วยคำค้นหา: ไอ้เหี้ย เฮ้ย
2026-07-06 22:23:59.937 | INFO     | main:enterprise_processing_pipeline:443 - 💾 ระบบทำการบันทึกประวัติสำเร็จ รหัสอ้างอิง: youtube_NTnTdQ53Ygs
2026-07-06 22:23:59.938 | INFO     | main:enterprise_processing_pipeline:448 - ✅ สำเร็จเสร็จสิ้น! นำส่งข้อมูลเข้าระบบสำเร็จ
2026-07-06 22:36:57.586 | INFO     | main:handle_analysis_submission:552 - ลงทะเบียนคำขอผ่าน Route รหัสงาน: job_1783352217
2026-07-06 22:37:00.634 | INFO     | main:enterprise_processing_pipeline:94 - เริ่มต้นประมวลผลข้อมูลจริงเชิงลึกสำหรับ Job ID: job_1783352217
2026-07-06 22:37:03.328 | INFO     | main:enterprise_processing_pipeline:174 - กำลังสกัดไฟล์เสียงแท้และป้องกันบั๊กสตรีมว่างของ TikTok: E:/Project_write/WeFool/cache\local_sha256_8dd1694b7e38c070.mp3
2026-07-06 22:37:13.320 | INFO     | main:enterprise_processing_pipeline:192 - กำลังเปิดระบบสแกนสัญญาณเสียงและสั่งหั่นก้อนข้อมูลส่งวิเคราะห์...
2026-07-06 22:37:13.321 | INFO     | main:enterprise_processing_pipeline:208 - 🎬 [Standard Video Remux] จัดเรียงโครงสร้างวิดีโอพร้อมซิงค์แกนเวลาถาวร (Timebase Sync)...
2026-07-06 22:42:15.040 | INFO     | main:enterprise_processing_pipeline:268 - ส่งข้อมูลคำพูดจริงเข้าสู่กระบวนการวิเคราะห์ 8 โมดูลหลักยุทธศาสตร์...
2026-07-06 22:47:16.286 | INFO     | main:fetch_related_videos:60 - 🔍 เริ่มต้นค้นหาสื่อวิดีโออ้างอิงและแนะนำระดับยุทธศาสตร์จาก YouTube ด้วยคำค้นหา: AI สร้างภาพ
2026-07-06 22:47:28.308 | INFO     | main:enterprise_processing_pipeline:443 - 💾 ระบบทำการบันทึกประวัติสำเร็จ รหัสอ้างอิง: local_sha256_8dd1694b7e38c070
2026-07-06 22:47:28.309 | INFO     | main:enterprise_processing_pipeline:448 - ✅ สำเร็จเสร็จสิ้น! นำส่งข้อมูลเข้าระบบสำเร็จ
2026-07-06 22:49:16.697 | INFO     | main:handle_analysis_submission:552 - ลงทะเบียนคำขอผ่าน Route รหัสงาน: job_1783352956
2026-07-06 22:49:19.286 | INFO     | main:enterprise_processing_pipeline:94 - เริ่มต้นประมวลผลข้อมูลจริงเชิงลึกสำหรับ Job ID: job_1783352956
2026-07-06 22:49:19.854 | INFO     | main:enterprise_processing_pipeline:154 - 🎯 [SHA-256 Match] เจอประวัติตรงกันจากสารบบไฟล์เนื้อหาเดิม! (local_sha256_8dd1694b7e38c070) ดึงผลลัพธ์ขึ้นแสดงทันที...
2026-07-06 22:53:47.974 | INFO     | main:handle_analysis_submission:552 - ลงทะเบียนคำขอผ่าน Route รหัสงาน: job_1783353227
2026-07-06 22:53:47.976 | INFO     | main:enterprise_processing_pipeline:94 - เริ่มต้นประมวลผลข้อมูลจริงเชิงลึกสำหรับ Job ID: job_1783353227
2026-07-06 22:53:47.977 | INFO     | main:enterprise_processing_pipeline:125 - ดึงสัญญาณวิดีโอผ่านแพลตฟอร์ม: tiktok_7512339383907863826
2026-07-06 22:53:47.983 | INFO     | main:enterprise_processing_pipeline:131 - 📱 ระบบตรวจสอบพบสัญญาณลิงก์ TikTok กำลังสลับไปใช้ท่อดาวน์โหลดสากลมาตรฐาน...
2026-07-06 22:54:03.978 | INFO     | main:enterprise_processing_pipeline:174 - กำลังสกัดไฟล์เสียงแท้และป้องกันบั๊กสตรีมว่างของ TikTok: E:/Project_write/WeFool/cache\tiktok_7512339383907863826.mp3
2026-07-06 22:54:06.129 | INFO     | main:enterprise_processing_pipeline:192 - กำลังเปิดระบบสแกนสัญญาณเสียงและสั่งหั่นก้อนข้อมูลส่งวิเคราะห์...
2026-07-06 22:54:06.130 | INFO     | main:enterprise_processing_pipeline:200 - 🎬 [TikTok Video Remux] บังคับแปลงรหัสภาพใหม่เป็น H.264 (libx264) สปีดเร่งด่วนเพื่อแก้ปัญหาจอดำ...
2026-07-06 22:55:03.754 | INFO     | main:enterprise_processing_pipeline:268 - ส่งข้อมูลคำพูดจริงเข้าสู่กระบวนการวิเคราะห์ 8 โมดูลหลักยุทธศาสตร์...
2026-07-06 22:55:55.353 | INFO     | main:fetch_related_videos:60 - 🔍 เริ่มต้นค้นหาสื่อวิดีโออ้างอิงและแนะนำระดับยุทธศาสตร์จาก YouTube ด้วยคำค้นหา: ผ่าตัด เสียชีวิต
2026-07-06 22:56:02.000 | INFO     | main:enterprise_processing_pipeline:443 - 💾 ระบบทำการบันทึกประวัติสำเร็จ รหัสอ้างอิง: tiktok_7512339383907863826
2026-07-06 22:56:02.000 | INFO     | main:enterprise_processing_pipeline:448 - ✅ สำเร็จเสร็จสิ้น! นำส่งข้อมูลเข้าระบบสำเร็จ
2026-07-07 04:54:29.240 | INFO     | main:handle_analysis_submission:552 - ลงทะเบียนคำขอผ่าน Route รหัสงาน: job_1783374869
2026-07-07 04:54:30.078 | INFO     | main:enterprise_processing_pipeline:94 - เริ่มต้นประมวลผลข้อมูลจริงเชิงลึกสำหรับ Job ID: job_1783374869
2026-07-07 04:54:30.707 | INFO     | main:enterprise_processing_pipeline:174 - กำลังสกัดไฟล์เสียงแท้และป้องกันบั๊กสตรีมว่างของ TikTok: E:/Project_write/WeFool/cache\local_sha256_5b15b951064d1de6.mp3
2026-07-07 04:54:34.020 | INFO     | main:enterprise_processing_pipeline:192 - กำลังเปิดระบบสแกนสัญญาณเสียงและสั่งหั่นก้อนข้อมูลส่งวิเคราะห์...
2026-07-07 04:54:34.021 | INFO     | main:enterprise_processing_pipeline:208 - 🎬 [Standard Video Remux] จัดเรียงโครงสร้างวิดีโอพร้อมซิงค์แกนเวลาถาวร (Timebase Sync)...
2026-07-07 04:55:43.675 | INFO     | main:enterprise_processing_pipeline:268 - ส่งข้อมูลคำพูดจริงเข้าสู่กระบวนการวิเคราะห์ 8 โมดูลหลักยุทธศาสตร์...
2026-07-07 04:56:22.527 | INFO     | main:fetch_related_videos:60 - 🔍 เริ่มต้นค้นหาสื่อวิดีโออ้างอิงและแนะนำระดับยุทธศาสตร์จาก YouTube ด้วยคำค้นหา: Portfolio AI
2026-07-07 04:56:28.807 | INFO     | main:enterprise_processing_pipeline:443 - 💾 ระบบทำการบันทึกประวัติสำเร็จ รหัสอ้างอิง: local_sha256_5b15b951064d1de6
2026-07-07 04:56:28.808 | INFO     | main:enterprise_processing_pipeline:448 - ✅ สำเร็จเสร็จสิ้น! นำส่งข้อมูลเข้าระบบสำเร็จ
2026-07-07 05:03:35.988 | INFO     | main:handle_analysis_submission:552 - ลงทะเบียนคำขอผ่าน Route รหัสงาน: job_1783375415
2026-07-07 05:03:36.911 | INFO     | main:enterprise_processing_pipeline:94 - เริ่มต้นประมวลผลข้อมูลจริงเชิงลึกสำหรับ Job ID: job_1783375415
2026-07-07 05:03:37.064 | INFO     | main:enterprise_processing_pipeline:154 - 🎯 [SHA-256 Match] เจอประวัติตรงกันจากสารบบไฟล์เนื้อหาเดิม! (local_sha256_5b15b951064d1de6) ดึงผลลัพธ์ขึ้นแสดงทันที...
2026-07-07 08:38:03.320 | INFO     | main:handle_analysis_submission:552 - ลงทะเบียนคำขอผ่าน Route รหัสงาน: job_1783388283
2026-07-07 08:38:03.331 | INFO     | main:enterprise_processing_pipeline:94 - เริ่มต้นประมวลผลข้อมูลจริงเชิงลึกสำหรับ Job ID: job_1783388283
2026-07-07 08:38:03.332 | INFO     | main:enterprise_processing_pipeline:125 - ดึงสัญญาณวิดีโอผ่านแพลตฟอร์ม: youtube_GjEQJE2NCWs
2026-07-07 08:38:03.333 | INFO     | main:enterprise_processing_pipeline:136 - 📺 ระบบตรวจสอบพบสัญญาณลิงก์ YouTube กำลังเปิดใช้งานระบบท่อเปิดกว้างข้ามด่าน PO Token...
2026-07-07 08:38:25.756 | INFO     | main:enterprise_processing_pipeline:174 - กำลังสกัดไฟล์เสียงแท้และป้องกันบั๊กสตรีมว่างของ TikTok: E:/Project_write/WeFool/cache\youtube_GjEQJE2NCWs.mp3
2026-07-07 08:38:51.061 | INFO     | main:enterprise_processing_pipeline:192 - กำลังเปิดระบบสแกนสัญญาณเสียงและสั่งหั่นก้อนข้อมูลส่งวิเคราะห์...
2026-07-07 08:38:51.062 | INFO     | main:enterprise_processing_pipeline:208 - 🎬 [Standard Video Remux] จัดเรียงโครงสร้างวิดีโอพร้อมซิงค์แกนเวลาถาวร (Timebase Sync)...
2026-07-07 08:45:34.181 | INFO     | main:enterprise_processing_pipeline:268 - ส่งข้อมูลคำพูดจริงเข้าสู่กระบวนการวิเคราะห์ 8 โมดูลหลักยุทธศาสตร์...
2026-07-07 09:01:42.691 | INFO     | main:fetch_related_videos:60 - 🔍 เริ่มต้นค้นหาสื่อวิดีโออ้างอิงและแนะนำระดับยุทธศาสตร์จาก YouTube ด้วยคำค้นหา: จั่น ตังค์
2026-07-07 09:01:49.147 | INFO     | main:enterprise_processing_pipeline:443 - 💾 ระบบทำการบันทึกประวัติสำเร็จ รหัสอ้างอิง: youtube_GjEQJE2NCWs
2026-07-07 09:01:49.148 | INFO     | main:enterprise_processing_pipeline:448 - ✅ สำเร็จเสร็จสิ้น! นำส่งข้อมูลเข้าระบบสำเร็จ
2026-07-07 09:44:05.448 | INFO     | main:handle_analysis_submission:552 - ลงทะเบียนคำขอผ่าน Route รหัสงาน: job_1783392245
2026-07-07 09:44:05.450 | INFO     | main:enterprise_processing_pipeline:94 - เริ่มต้นประมวลผลข้อมูลจริงเชิงลึกสำหรับ Job ID: job_1783392245
2026-07-07 09:44:05.451 | INFO     | main:enterprise_processing_pipeline:125 - ดึงสัญญาณวิดีโอผ่านแพลตฟอร์ม: youtube_MOBgXFf2Uuk
2026-07-07 09:44:05.453 | INFO     | main:enterprise_processing_pipeline:136 - 📺 ระบบตรวจสอบพบสัญญาณลิงก์ YouTube กำลังเปิดใช้งานระบบท่อเปิดกว้างข้ามด่าน PO Token...
2026-07-07 09:44:15.570 | ERROR    | main:enterprise_processing_pipeline:451 - ❌ เกิดข้อผิดพลาดในระบบวิเคราะห์ข้อมูลจริง job_1783392245: Command 'yt-dlp --js-runtimes node -f "bestvideo+bestaudio/best" --merge-output-format mp4 --ffmpeg-location "E:\WeFool" "https://youtu.be/MOBgXFf2Uuk?si=Gk-40-glPEMpDoHa" -o "E:/Project_write/WeFool/cache\youtube_MOBgXFf2Uuk.mp4"' returned non-zero exit status 1.
2026-07-07 09:45:13.637 | INFO     | main:handle_analysis_submission:552 - ลงทะเบียนคำขอผ่าน Route รหัสงาน: job_1783392313
2026-07-07 09:45:13.639 | INFO     | main:enterprise_processing_pipeline:94 - เริ่มต้นประมวลผลข้อมูลจริงเชิงลึกสำหรับ Job ID: job_1783392313
2026-07-07 09:45:13.641 | INFO     | main:enterprise_processing_pipeline:125 - ดึงสัญญาณวิดีโอผ่านแพลตฟอร์ม: youtube_VWw0DdlKRn0
2026-07-07 09:45:13.642 | INFO     | main:enterprise_processing_pipeline:136 - 📺 ระบบตรวจสอบพบสัญญาณลิงก์ YouTube กำลังเปิดใช้งานระบบท่อเปิดกว้างข้ามด่าน PO Token...
2026-07-07 09:45:29.027 | INFO     | main:enterprise_processing_pipeline:174 - กำลังสกัดไฟล์เสียงแท้และป้องกันบั๊กสตรีมว่างของ TikTok: E:/Project_write/WeFool/cache\youtube_VWw0DdlKRn0.mp3
2026-07-07 09:45:39.617 | INFO     | main:enterprise_processing_pipeline:192 - กำลังเปิดระบบสแกนสัญญาณเสียงและสั่งหั่นก้อนข้อมูลส่งวิเคราะห์...
2026-07-07 09:45:39.617 | INFO     | main:enterprise_processing_pipeline:208 - 🎬 [Standard Video Remux] จัดเรียงโครงสร้างวิดีโอพร้อมซิงค์แกนเวลาถาวร (Timebase Sync)...
2026-07-07 09:48:36.414 | INFO     | main:enterprise_processing_pipeline:268 - ส่งข้อมูลคำพูดจริงเข้าสู่กระบวนการวิเคราะห์ 8 โมดูลหลักยุทธศาสตร์...
2026-07-07 09:49:55.751 | INFO     | main:fetch_related_videos:60 - 🔍 เริ่มต้นค้นหาสื่อวิดีโออ้างอิงและแนะนำระดับยุทธศาสตร์จาก YouTube ด้วยคำค้นหา: บอลลูน จรวดขีปนาวุธ
2026-07-07 09:50:02.134 | INFO     | main:enterprise_processing_pipeline:443 - 💾 ระบบทำการบันทึกประวัติสำเร็จ รหัสอ้างอิง: youtube_VWw0DdlKRn0
2026-07-07 09:50:02.134 | INFO     | main:enterprise_processing_pipeline:448 - ✅ สำเร็จเสร็จสิ้น! นำส่งข้อมูลเข้าระบบสำเร็จ
2026-07-07 10:16:29.570 | INFO     | main:handle_analysis_submission:565 - ลงทะเบียนคำขอผ่าน Route รหัสงาน: job_1783394189
2026-07-07 10:16:29.571 | INFO     | main:enterprise_processing_pipeline:94 - เริ่มต้นประมวลผลข้อมูลจริงเชิงลึกสำหรับ Job ID: job_1783394189
2026-07-07 10:16:29.572 | INFO     | main:enterprise_processing_pipeline:125 - ดึงสัญญาณวิดีโอผ่านแพลตฟอร์ม: youtube_JsrytJPnNGY
2026-07-07 10:16:29.572 | INFO     | main:enterprise_processing_pipeline:136 - 📺 ระบบตรวจสอบพบสัญญาณลิงก์ YouTube กำลังเปิดใช้งานระบบท่อเปิดกว้างข้ามด่าน PO Token...
2026-07-07 10:16:43.476 | INFO     | main:enterprise_processing_pipeline:174 - กำลังสกัดไฟล์เสียงแท้และป้องกันบั๊กสตรีมว่างของ TikTok: E:/Project_write/WeFool/cache\youtube_JsrytJPnNGY.mp3
2026-07-07 10:16:54.656 | INFO     | main:enterprise_processing_pipeline:192 - กำลังเปิดระบบสแกนสัญญาณเสียงและสั่งหั่นก้อนข้อมูลส่งวิเคราะห์...
2026-07-07 10:16:54.656 | INFO     | main:enterprise_processing_pipeline:208 - 🎬 [Standard Video Remux] จัดเรียงโครงสร้างวิดีโอพร้อมซิงค์แกนเวลาถาวร (Timebase Sync)...
2026-07-07 10:19:17.647 | INFO     | main:enterprise_processing_pipeline:268 - ส่งข้อมูลคำพูดจริงเข้าสู่กระบวนการวิเคราะห์ 8 โมดูลหลักยุทธศาสตร์...
2026-07-07 10:19:41.110 | INFO     | main:fetch_related_videos:60 - 🔍 เริ่มต้นค้นหาสื่อวิดีโออ้างอิงและแนะนำระดับยุทธศาสตร์จาก YouTube ด้วยคำค้นหา: กราฟ เทรด
2026-07-07 10:19:48.321 | INFO     | main:enterprise_processing_pipeline:456 - 💾 ระบบทำการบันทึกประวัติสำเร็จ รหัสอ้างอิง: youtube_JsrytJPnNGY
2026-07-07 10:19:48.322 | INFO     | main:enterprise_processing_pipeline:461 - ✅ สำเร็จเสร็จสิ้น! นำส่งข้อมูลเข้าระบบสำเร็จ
